Date,c
1/10/2011,2061.7149
1/11/2011,2150.8303
1/12/2011,2128.7587
1/13/2011,2226.7445
1/14/2011,2194.1588
1/15/2011,2097.367
1/16/2011,2171.7733
1/17/2011,2133.7157
1/18/2011,2146.8098
1/19/2011,2224.5431
1/20/2011,2244.3434
1/21/2011,2203.5763
1/22/2011,2245.5996
1/23/2011,2309.9235
1/24/2011,2235.7412
1/25/2011,2092.7209
1/26/2011,1988.2628
1/27/2011,2025.2317
1/28/2011,1942.3233
1/29/2011,2080.1109
1/30/2011,2276.0929
1/31/2011,2241.405
2/1/2011,2384.4889
2/2/2011,2332.8744
2/3/2011,2363.3998
2/4/2011,2319.092
2/5/2011,2286.4639
2/6/2011,2436.6889
2/7/2011,2342.1964
2/8/2011,2335.0139
2/9/2011,2165.5285
2/10/2011,2314.76
2/11/2011,2318.6388
2/12/2011,2273.8998
2/13/2011,2395.297
2/14/2011,2362.9472
2/15/2011,2354.5824
2/16/2011,2387.6817
2/17/2011,2396.1946
2/18/2011,2296.3242
2/19/2011,2405.1397
2/20/2011,2447.5211
2/21/2011,2427.2234
2/22/2011,2441.0102
2/23/2011,2421.1539
2/24/2011,2441.8631
2/25/2011,2416.2803
2/26/2011,2440.4043
2/27/2011,2421.8734
2/28/2011,2404.8909
3/1/2011,2387.689
3/2/2011,2337.9371
3/3/2011,2289.6675
3/4/2011,2333.7236
3/5/2011,2278.713
3/6/2011,2219.104
3/7/2011,2105.6757
3/8/2011,2277.61
3/9/2011,2254.761
3/10/2011,2241.5809
3/11/2011,2047.2614
3/12/2011,1990.5193
3/13/2011,2108.7716
3/14/2011,1980.924
3/15/2011,2053.0554
3/16/2011,1776.2153
3/17/2011,1640.0294
3/18/2011,1430.2429
3/19/2011,1488.0001
3/20/2011,1309.3492
3/21/2011,1611.6729
3/22/2011,1649.5847
3/23/2011,1870.0103
3/24/2011,1878.8617
3/25/2011,1882.7684
3/28/2011,1223.8708
3/29/2011,1117.6562
3/30/2011,988.8884
3/31/2011,932.2469
4/1/2011,902.7297
4/3/2011,1494.8932
4/4/2011,1506.2631
4/5/2011,1522.6064
4/6/2011,1486.0101
4/7/2011,1484.3703
4/8/2011,1162.7715
4/9/2011,1329.8673
4/10/2011,1496.2719
4/11/2011,1277.3614
4/12/2011,1737.836
4/13/2011,1774.1812
4/14/2011,1348.782
4/15/2011,1090.4456
4/16/2011,1195.8669
4/17/2011,1357.6531
4/18/2011,1392.2241
4/19/2011,1022.1609
4/20/2011,1059.4834
4/21/2011,1125.3316
4/22/2011,1338.7949
4/23/2011,1130.5518
4/24/2011,957.4064
4/25/2011,1151.7909
4/26/2011,1127.6467
4/27/2011,1036.4593
4/28/2011,870.9835
4/29/2011,912.8617
4/30/2011,769.4661
5/1/2011,954.2112
5/2/2011,711.4057
5/3/2011,647.5705
5/4/2011,597.1896
5/5/2011,617.4812
5/6/2011,599.6127
5/7/2011,645.718
5/8/2011,769.0716
5/9/2011,706.8985
5/10/2011,607.9109
5/11/2011,543.4317
5/12/2011,596.227
5/13/2011,551.3838
5/14/2011,542.8807
5/15/2011,611.4735
5/16/2011,565.0119
5/17/2011,537.5877
5/18/2011,529.2798
5/19/2011,538.4424
5/20/2011,506.9664
5/21/2011,519.5628
5/22/2011,559.9822
5/23/2011,519.2599
5/24/2011,518.4573
5/25/2011,479.708
5/26/2011,509.6059
5/27/2011,469.2144
5/28/2011,468.4461
5/29/2011,504.1981
5/30/2011,475.8771
5/31/2011,476.8117
6/1/2011,463.8006
6/2/2011,441.2349
6/3/2011,447.4975
6/4/2011,457.2732
6/5/2011,496.8093
6/6/2011,455.9877
6/7/2011,451.4097
6/8/2011,470.2689
6/9/2011,461.9958
6/10/2011,450.2777
6/11/2011,447.5671
6/12/2011,478.1091
6/13/2011,456.0837
6/14/2011,463.5822
6/15/2011,460.1309
6/16/2011,445.7155
6/17/2011,401.2268
6/18/2011,399.774
6/19/2011,437.1604
6/20/2011,432.5087
6/21/2011,426.5994
6/22/2011,438.6074
6/23/2011,443.3494
6/24/2011,447.3278
6/25/2011,423.7843
6/26/2011,435.9408
6/27/2011,426.0977
6/28/2011,425.2785
6/29/2011,416.9061
6/30/2011,418.1885
7/1/2011,411.6457
7/2/2011,399.9819
7/3/2011,412.3493
7/4/2011,410.4024
7/5/2011,415.099
7/6/2011,410.7309
7/7/2011,397.4123
7/8/2011,398.2209
7/9/2011,381.9338
7/10/2011,401.9568
7/11/2011,401.9131
7/12/2011,384.7612
7/13/2011,398.4537
7/14/2011,387.3031
7/15/2011,385.628
7/16/2011,376.7852
7/17/2011,376.4797
7/18/2011,376.9498
7/19/2011,367.5735
7/20/2011,392.979
7/21/2011,392.6347
7/22/2011,379.4356
7/23/2011,361.6977
7/24/2011,378.3959
7/25/2011,372.1219
7/26/2011,369.0937
7/27/2011,362.7643
7/28/2011,359.1489
7/29/2011,347.8667
7/30/2011,324.0423
7/31/2011,341.725
8/1/2011,331.649
8/2/2011,340.4821
8/3/2011,350.7342
8/4/2011,350.7565
8/5/2011,344.0663
8/6/2011,342.9897
8/7/2011,360.446
8/8/2011,366.7821
8/9/2011,377.6423
8/10/2011,386.2599
8/11/2011,372.4292
8/12/2011,360.5459
8/13/2011,355.1702
8/14/2011,362.3278
8/15/2011,367.1908
8/16/2011,358.674
8/17/2011,367.2409
8/18/2011,385.5658
8/19/2011,357.3412
8/20/2011,351.2312
8/21/2011,362.9708
8/22/2011,376.5982
8/23/2011,378.0543
8/24/2011,384.2693
8/25/2011,392.6952
8/26/2011,398.0006
8/27/2011,419.6269
8/28/2011,411.8754
8/29/2011,413.1057
8/30/2011,431.1381
8/31/2011,423.015
9/1/2011,416.2386
9/2/2011,417.1291
9/3/2011,408.2905
9/4/2011,426.6362
9/5/2011,435.5667
9/6/2011,440.9102
9/7/2011,452.6444
9/8/2011,449.1224
9/9/2011,440.7814
9/10/2011,457.619
9/11/2011,481.5524
9/12/2011,478.8122
9/13/2011,464.6954
9/14/2011,490.6415
9/15/2011,428.5078
9/16/2011,427.8831
9/17/2011,433.6349
9/18/2011,468.9338
9/19/2011,458.9846
9/20/2011,472.6781
9/21/2011,474.1749
9/22/2011,470.4487
9/23/2011,452.9816
9/24/2011,461.7723
9/25/2011,504.4007
9/26/2011,471.5633
9/27/2011,493.2041
9/28/2011,508.1049
9/29/2011,484.4353
9/30/2011,487.6741
10/1/2011,520.0562
10/2/2011,577.7822
10/3/2011,581.6819
10/4/2011,631.3032
10/5/2011,640.6104
10/6/2011,582.6368
10/7/2011,592.6274
10/8/2011,555.8435
10/9/2011,595.5133
10/10/2011,552.712
10/11/2011,543.2988
10/12/2011,524.0239
10/13/2011,535.8506
10/14/2011,544.2272
10/15/2011,520.5114
10/16/2011,594.6245
10/17/2011,536.7913
10/18/2011,544.2641
10/19/2011,640.3648
10/20/2011,770.6198
10/21/2011,739.7718
10/22/2011,706.0085
10/23/2011,778.408
10/24/2011,720.5573
10/25/2011,775.0323
10/26/2011,942.4784
10/27/2011,1094.4907
10/28/2011,1136.1866
10/29/2011,1263.6843
10/30/2011,1329.6199
10/31/2011,1239.7668
11/1/2011,1226.3731
11/2/2011,1228.9342
11/3/2011,1249.498
11/4/2011,1284.1013
11/5/2011,1223.5518
11/6/2011,1457.6382
11/7/2011,1848.151
11/8/2011,2042.4987
11/9/2011,2114.9622
11/10/2011,2240.2302
11/11/2011,2126.6085
11/12/2011,2295.383
11/13/2011,2403.9467
11/14/2011,2462.3113
11/15/2011,2421.9706
11/16/2011,2403.0524
11/17/2011,2313.3132
11/18/2011,2133.6431
11/19/2011,2099.7628
11/20/2011,2164.0943
11/21/2011,2148.6285
11/22/2011,2170.9104
11/23/2011,2253.3638
11/24/2011,2382.4056
11/25/2011,2525.0098
11/26/2011,2569.6312
11/27/2011,2688.034
11/28/2011,2692.1057
11/29/2011,2608.6632
11/30/2011,2590.3334
12/1/2011,2662.1203
12/2/2011,2580.7224
12/3/2011,2510.4995
12/4/2011,2612.5333
12/5/2011,2661.4852
12/6/2011,2741.0581
12/7/2011,2689.409
12/8/2011,2678.7368
12/9/2011,2605.5979
12/10/2011,2557.1811
12/11/2011,2515.3795
12/12/2011,2434.7894
12/13/2011,2430.6659
12/14/2011,2454.6764
12/15/2011,2557.4599
12/16/2011,2500.4586
12/17/2011,2444.6471
12/18/2011,2577.0554
12/19/2011,2500.7333
12/20/2011,2510.992
12/21/2011,2549.3803
12/22/2011,2480.8203
12/23/2011,2444.7936
12/24/2011,2401.2153
12/25/2011,2395.6057
12/26/2011,2346.8119
12/27/2011,2377.3793
12/28/2011,2388.9632
12/29/2011,2291.0233
12/30/2011,2469.274
12/31/2011,2534.6118
1/1/2012,1954.0689
1/2/2012,2165.3371
1/3/2012,2387.7145
1/4/2012,2381.0783
1/5/2012,2430.238
1/6/2012,2439.5581
1/7/2012,2302.3004
1/8/2012,2375.1979
1/9/2012,2294.2452
1/10/2012,2239.9851
1/11/2012,2261.3243
1/12/2012,2273.5412
1/13/2012,2328.5081
1/14/2012,2175.0705
1/15/2012,2238.4386
1/16/2012,2246.7721
1/17/2012,2280.2861
1/18/2012,2408.1814
1/19/2012,2637.3517
1/20/2012,2677.4611
1/21/2012,2605.5752
1/22/2012,2765.8959
1/23/2012,2727.6968
1/24/2012,2651.3643
1/25/2012,2749.0527
1/26/2012,2784.0662
1/27/2012,2801.2381
1/28/2012,2749.0675
1/29/2012,2762.2095
1/30/2012,2891.553
1/31/2012,2997.121
2/1/2012,3005.5355
2/2/2012,3185.9765
2/3/2012,3061.9314
2/4/2012,3016.5334
2/5/2012,3160.6598
2/6/2012,3144.2643
2/7/2012,3201.1446
2/8/2012,3169.5275
2/9/2012,3158.9258
2/10/2012,3150.5208
2/11/2012,3086.59
2/12/2012,3210.1519
2/13/2012,3133.8843
2/14/2012,3101.2883
2/15/2012,3056.1685
2/16/2012,2972.4575
2/17/2012,2789.0309
2/18/2012,2792.9941
2/19/2012,2870.2444
2/20/2012,2899.0724
2/21/2012,2887.0762
2/22/2012,2716.6985
2/23/2012,2736.221
2/24/2012,2651.3998
2/25/2012,2599.3441
2/26/2012,2626.4437
2/27/2012,2404.4623
2/28/2012,1488.0605
2/29/2012,1815.5804
3/1/2012,2360.0607
3/2/2012,2330.6182
3/3/2012,2426.4055
3/4/2012,2533.858
3/5/2012,2610.5925
3/6/2012,2606.5636
3/7/2012,2532.9372
3/8/2012,2569.6585
3/9/2012,2566.8191
3/10/2012,2674.4438
3/11/2012,2793.3591
3/12/2012,2898.016
3/13/2012,2665.4507
3/14/2012,2413.0884
3/15/2012,2561.4637
3/16/2012,2614.4575
3/17/2012,2628.1268
3/18/2012,2666.9968
3/19/2012,2231.3804
3/20/2012,1992.2255
3/21/2012,1958.4192
3/22/2012,2133.2455
3/23/2012,2150.702
3/24/2012,1897.4973
3/25/2012,1989.0644
3/26/2012,1835.5699
3/27/2012,2266.292
3/28/2012,1992.9019
3/29/2012,1854.1907
3/30/2012,1606.3931
3/31/2012,1673.1703
4/1/2012,1563.4872
4/2/2012,1491.0295
4/3/2012,1349.5438
4/4/2012,1197.2076
4/5/2012,1011.5984
4/6/2012,865.5317
4/7/2012,766.5444
4/8/2012,731.5432
4/9/2012,751.9333
4/10/2012,684.0581
4/11/2012,678.5033
4/12/2012,729.6388
4/13/2012,752.9438
4/14/2012,695.7358
4/15/2012,529.5711
4/16/2012,539.4782
4/17/2012,707.3905
4/18/2012,640.6989
4/19/2012,667.5446
4/20/2012,668.3272
4/21/2012,648.5779
4/22/2012,689.4126
4/23/2012,679.318
4/24/2012,641.9314
4/25/2012,642.7151
4/26/2012,633.0406
4/27/2012,609.4656
4/28/2012,599.6479
4/29/2012,651.2251
4/30/2012,608.5064
5/1/2012,597.5161
5/2/2012,592.3367
5/3/2012,605.0236
5/4/2012,585.9146
5/5/2012,609.0121
5/6/2012,623.3753
5/7/2012,591.1968
5/8/2012,572.3797
5/9/2012,615.54
5/10/2012,567.0352
5/11/2012,548.7563
5/12/2012,559.0574
5/13/2012,599.7906
5/14/2012,590.8569
5/15/2012,589.2171
5/16/2012,585.1318
5/17/2012,569.9851
5/18/2012,572.3362
5/19/2012,545.427
5/20/2012,578.1294
5/21/2012,552.8208
5/22/2012,568.7776
5/23/2012,582.4649
5/24/2012,583.4767
5/25/2012,555.7172
5/26/2012,573.5643
5/27/2012,601.7241
5/28/2012,570.6646
5/29/2012,594.6162
5/30/2012,578.8311
5/31/2012,578.8337
6/1/2012,565.8065
6/2/2012,560.3046
6/3/2012,595.3468
6/4/2012,554.8749
6/5/2012,536.1238
6/6/2012,543.4834
6/7/2012,546.112
6/8/2012,535.7211
6/9/2012,554.6615
6/10/2012,590.823
6/11/2012,540.8088
6/12/2012,533.2675
6/13/2012,534.5863
6/14/2012,513.4797
6/15/2012,502.4208
6/16/2012,512.0621
6/17/2012,525.59
6/18/2012,536.2259
6/19/2012,545.5193
6/20/2012,531.2803
6/21/2012,536.4585
6/22/2012,516.1459
6/23/2012,510.0971
6/24/2012,535.3227
6/25/2012,512.251
6/26/2012,509.1727
6/27/2012,522.0105
6/28/2012,516.6655
6/29/2012,518.0773
6/30/2012,521.6876
7/1/2012,545.9458
7/2/2012,518.8863
7/3/2012,533.277
7/4/2012,536.6968
7/5/2012,534.2883
7/6/2012,520.0234
7/7/2012,514.4846
7/8/2012,525.0433
7/9/2012,500.7396
7/10/2012,513.1489
7/11/2012,520.6965
7/12/2012,520.9228
7/13/2012,513.6461
7/14/2012,489.4621
7/15/2012,500.4095
7/16/2012,486.0371
7/17/2012,489.6632
7/18/2012,479.1218
7/19/2012,467.0352
7/20/2012,465.1792
7/21/2012,439.6258
7/22/2012,450.4308
7/23/2012,443.1489
7/24/2012,452.8021
7/25/2012,431.5233
7/26/2012,432.8736
7/27/2012,430.3334
7/28/2012,419.2533
7/29/2012,426.5509
7/30/2012,430.3556
7/31/2012,428.9422
8/1/2012,476.3359
8/2/2012,441.0918
8/3/2012,430.5988
8/4/2012,412.2754
8/5/2012,424.0175
8/6/2012,431.0586
8/7/2012,434.2061
8/8/2012,426.2607
8/9/2012,412.473
8/10/2012,425.2876
8/11/2012,415.394
8/12/2012,415.3919
8/13/2012,432.1569
8/14/2012,430.9237
8/15/2012,431.1059
8/16/2012,432.9669
8/17/2012,449.9969
8/18/2012,445.2934
8/19/2012,437.2721
8/20/2012,459.6581
8/21/2012,454.6723
8/22/2012,469.6834
8/23/2012,477.7175
8/24/2012,478.4662
8/25/2012,460.8556
8/26/2012,477.5239
8/27/2012,462.6242
8/28/2012,434.7705
8/29/2012,451.3377
8/30/2012,483.0286
8/31/2012,476.1799
9/1/2012,481.4048
9/2/2012,512.2526
9/3/2012,514.352
9/4/2012,535.1075
9/5/2012,522.6997
9/6/2012,455.7841
9/7/2012,510.6088
9/8/2012,518.6651
9/9/2012,528.8331
9/10/2012,518.6901
9/11/2012,540.6363
9/12/2012,582.0833
9/13/2012,581.122
9/14/2012,556.3808
9/15/2012,558.7906
9/16/2012,615.45
9/17/2012,552.0099
9/18/2012,552.0698
9/19/2012,556.4277
9/20/2012,556.6086
9/21/2012,527.9775
9/22/2012,535.9921
9/23/2012,587.0697
9/24/2012,551.7514
9/25/2012,570.368
9/26/2012,559.285
9/27/2012,561.7265
9/28/2012,560.6147
9/29/2012,565.0214
9/30/2012,556.0708
10/1/2012,506.3411
10/2/2012,534.788
10/3/2012,544.9847
10/4/2012,550.0583
10/5/2012,545.314
10/6/2012,549.3851
10/7/2012,579.3721
10/8/2012,546.8807
10/9/2012,574.2875
10/10/2012,588.7983
10/11/2012,577.0591
10/12/2012,578.665
10/13/2012,596.2766
10/14/2012,634.5228
10/15/2012,616.2051
10/16/2012,608.1411
10/17/2012,610.5564
10/18/2012,611.17
10/19/2012,603.229
10/20/2012,628.0229
10/21/2012,687.1299
10/22/2012,640.2365
10/23/2012,644.9014
10/24/2012,671.731
10/25/2012,636.323
10/26/2012,622.505
10/27/2012,664.2871
10/28/2012,730.1777
10/29/2012,691.7821
10/30/2012,682.4129
10/31/2012,710.5616
11/1/2012,709.7822
11/2/2012,690.6666
11/3/2012,715.6927
11/4/2012,780.3044
11/5/2012,749.2328
11/6/2012,752.7483
11/7/2012,745.8742
11/8/2012,771.0287
11/9/2012,884.4084
11/10/2012,991.4167
11/11/2012,1078.8206
11/12/2012,1142.4668
11/13/2012,1361.169
11/14/2012,1478.9623
11/15/2012,1366.9087
11/16/2012,1374.1691
11/17/2012,1368.6997
11/18/2012,1628.7479
11/19/2012,1618.8662
11/20/2012,1608.6744
11/21/2012,1664.9883
11/22/2012,1727.4484
11/23/2012,1780.9003
11/24/2012,1718.9723
11/25/2012,1854.6159
11/26/2012,1860.5911
11/27/2012,1875.1804
11/28/2012,1945.5883
11/29/2012,1985.7281
11/30/2012,1922.5268
12/1/2012,1899.0827
12/2/2012,1936.4612
12/3/2012,1917.187
12/4/2012,1958.7787
12/5/2012,1925.943
12/6/2012,1886.541
12/7/2012,1858.7533
12/8/2012,1937.2599
12/9/2012,1982.3377
12/10/2012,2052.6457
12/11/2012,2104.9266
12/12/2012,2071.2743
12/13/2012,2194.6882
12/14/2012,2229.9552
12/15/2012,2557.0697
12/16/2012,2908.5149
12/17/2012,3036.3246
12/18/2012,3195.4742
12/19/2012,3178.4928
12/20/2012,3034.7471
12/21/2012,2855.1326
12/22/2012,2628.2325
12/23/2012,2725.6664
12/24/2012,2794.6663
12/25/2012,2796.2996
12/26/2012,2934.6175
12/27/2012,2955.2938
12/28/2012,2849.7849
12/29/2012,2737.9951
12/30/2012,2980.0477
12/31/2012,3031.1018
1/1/2013,2515.1777
1/2/2013,2593.191
1/3/2013,2707.949
1/4/2013,2710.3775
1/5/2013,2708.469
1/6/2013,2711.8164
1/7/2013,2689.6311
1/8/2013,2760.0162
1/9/2013,2922.7623
1/10/2013,2950.4262
1/11/2013,2918.1717
1/12/2013,2957.7155
1/13/2013,3002.7127
1/14/2013,2889.8131
1/15/2013,2933.1327
1/16/2013,3011.0023
1/17/2013,3088.0915
1/18/2013,2746.8258
1/19/2013,2661.7873
1/20/2013,2777.7089
1/21/2013,2664.3294
1/22/2013,2462.0618
1/23/2013,2523.8753
1/24/2013,2481.1216
1/25/2013,2473.0579
1/26/2013,2306.2079
1/27/2013,2554.4089
1/28/2013,2294.7661
1/29/2013,2557.4249
1/30/2013,2495.1892
1/31/2013,2399.322
2/1/2013,2382.4846
2/2/2013,2526.9622
2/3/2013,2510.4728
2/4/2013,2410.9413
2/5/2013,2267.2813
2/6/2013,2257.2768
2/7/2013,2237.7756
2/8/2013,2042.053
2/9/2013,2269.6367
2/10/2013,2523.5541
2/11/2013,2466.2561
2/12/2013,2358.5654
2/13/2013,2298.9759
2/14/2013,2323.2128
2/15/2013,2184.5768
2/16/2013,2284.6837
2/17/2013,2346.5994
2/18/2013,2242.2235
2/19/2013,2449.159
2/20/2013,2358.4282
2/21/2013,2408.9271
2/22/2013,2385.6757
2/23/2013,2328.2432
2/24/2013,2459.993
2/25/2013,2430.3896
2/26/2013,2493.641
2/27/2013,2374.6753
2/28/2013,2450.7829
3/1/2013,2470.5423
3/2/2013,2310.6332
3/3/2013,2544.5546
3/4/2013,2632.5829
3/5/2013,2724.7536
3/6/2013,2776.2293
3/7/2013,2725.9993
3/8/2013,2527.7242
3/9/2013,2336.1055
3/10/2013,2153.1869
3/11/2013,1873.5204
3/12/2013,1816.1399
3/13/2013,1919.9763
3/14/2013,1731.9837
3/15/2013,1589.8215
3/16/2013,1701.947
3/17/2013,1946.1916
3/18/2013,2375.1982
3/19/2013,2023.8643
3/20/2013,1841.1288
3/21/2013,1593.7209
3/22/2013,1671.0213
3/23/2013,1714.844
3/24/2013,2174.2895
3/25/2013,2189.4688
3/26/2013,2013.388
3/27/2013,1901.7358
3/28/2013,1580.5387
3/29/2013,1842.4119
3/30/2013,1582.1879
3/31/2013,1749.8893
4/1/2013,1528.4318
4/2/2013,1352.6571
4/3/2013,1110.8605
4/4/2013,985.7989
4/5/2013,990.3757
4/6/2013,914.3732
4/7/2013,876.0405
4/8/2013,724.8804
4/9/2013,916.6269
4/10/2013,894.2648
4/11/2013,1182.0175
4/12/2013,1025.1356
4/13/2013,1002.1631
4/14/2013,1048.205
4/15/2013,923.8654
4/16/2013,1389.0182
4/17/2013,1724.7453
4/18/2013,1726.9783
4/19/2013,1557.7051
4/20/2013,1652.5058
4/21/2013,1716.8987
4/22/2013,1536.2299
4/23/2013,1613.8474
4/24/2013,1736.2255
4/25/2013,1651.4239
4/26/2013,1492.57
4/27/2013,1091.2659
4/28/2013,975.688
4/29/2013,836.2657
4/30/2013,774.7285
5/1/2013,767.0469
5/2/2013,782.4112
5/3/2013,769.6807
5/4/2013,717.2696
5/5/2013,538.3981
5/6/2013,570.2617
5/7/2013,654.2847
5/8/2013,696.5833
5/9/2013,771.1211
5/10/2013,741.6064
5/11/2013,733.5353
5/12/2013,813.2132
5/13/2013,737.1239
5/14/2013,738.1776
5/15/2013,727.3923
5/16/2013,744.5416
5/17/2013,721.6053
5/18/2013,735.4237
5/19/2013,781.6397
5/20/2013,796.3023
5/21/2013,779.4708
5/22/2013,769.1887
5/23/2013,705.4551
5/24/2013,664.5911
5/25/2013,675.6667
5/26/2013,722.837
5/27/2013,703.7038
5/28/2013,711.7389
5/29/2013,736.8974
5/30/2013,719.5326
5/31/2013,701.4145
6/1/2013,689.7233
6/2/2013,711.4646
6/3/2013,705.5315
6/4/2013,703.8197
6/5/2013,708.5147
6/6/2013,708.0138
6/7/2013,712.7728
6/8/2013,705.6275
6/9/2013,713.1665
6/10/2013,695.1925
6/11/2013,697.0148
6/12/2013,711.7799
6/13/2013,682.4563
6/14/2013,669.7035
6/15/2013,660.821
6/16/2013,660.3162
6/17/2013,655.277
6/18/2013,649.6549
6/19/2013,679.1557
6/20/2013,678.6622
6/21/2013,680.4389
6/22/2013,662.3484
6/23/2013,660.4392
6/24/2013,650.5583
6/25/2013,659.381
6/26/2013,654.6209
6/27/2013,660.6208
6/28/2013,645.2305
6/29/2013,612.7236
6/30/2013,624.1866
7/1/2013,616.1259
7/2/2013,633.3914
7/3/2013,655.1139
7/4/2013,641.3388
7/5/2013,627.0121
7/6/2013,614.7681
7/7/2013,631.4435
7/8/2013,628.4263
7/9/2013,632.8462
7/10/2013,609.8766
7/11/2013,618.888
7/12/2013,616.7931
7/13/2013,608.2595
7/14/2013,600.5996
7/15/2013,605.4792
7/16/2013,602.731
7/17/2013,598.7921
7/18/2013,594.5441
7/19/2013,609.5641
7/20/2013,592.9212
7/21/2013,594.355
7/22/2013,593.6045
7/23/2013,609.0194
7/24/2013,626.4327
7/25/2013,632.3029
7/26/2013,618.2063
7/27/2013,592.1258
7/28/2013,613.631
7/29/2013,637.067
7/30/2013,635.3386
7/31/2013,633.0842
8/1/2013,639.917
8/2/2013,620.7641
8/3/2013,580.9755
8/4/2013,596.2247
8/5/2013,611.9492
8/6/2013,617.6649
8/7/2013,612.6191
8/8/2013,607.4243
8/9/2013,596.3246
8/10/2013,581.3742
8/11/2013,586.3535
8/12/2013,594.1945
8/13/2013,594.4563
8/14/2013,593.9243
8/15/2013,592.9972
8/16/2013,586.6448
8/17/2013,549.4939
8/18/2013,568.3015
8/19/2013,581.2233
8/20/2013,572.5495
8/21/2013,601.0947
8/22/2013,612.6654
8/23/2013,605.1074
8/24/2013,569.7372
8/25/2013,597.8052
8/26/2013,596.7961
8/27/2013,582.5779
8/28/2013,545.5566
8/29/2013,576.4699
8/30/2013,591.2986
8/31/2013,583.8182
9/1/2013,606.7747
9/2/2013,618.0514
9/3/2013,619.7637
9/4/2013,632.8133
9/5/2013,664.5951
9/6/2013,659.5282
9/7/2013,655.9593
9/8/2013,673.6543
9/9/2013,671.4311
9/10/2013,680.8082
9/11/2013,693.4785
9/12/2013,699.663
9/13/2013,687.4173
9/14/2013,684.6386
9/15/2013,718.6386
9/16/2013,689.8219
9/17/2013,679.7637
9/18/2013,679.9403
9/19/2013,676.2501
9/20/2013,671.0498
9/21/2013,648.2928
9/22/2013,738.1006
9/23/2013,724.4883
9/24/2013,737.1444
9/25/2013,751.9327
9/26/2013,772.8699
9/27/2013,743.1325
9/28/2013,733.9388
9/29/2013,809.5472
9/30/2013,771.4898
10/1/2013,768.0987
10/2/2013,759.4553
10/3/2013,768.4918
10/4/2013,828.6188
10/5/2013,899.3372
10/6/2013,1059.5521
10/7/2013,1044.9864
10/8/2013,1131.3207
10/9/2013,1122.2692
10/10/2013,1085.9073
10/11/2013,1055.5931
10/12/2013,998.6593
10/13/2013,1005.1445
10/14/2013,1011.117
10/15/2013,991.0253
10/16/2013,998.9075
10/17/2013,975.8336
10/18/2013,907.0792
10/19/2013,1028.9086
10/20/2013,1149.207
10/21/2013,1102.9936
10/22/2013,1068.5845
10/23/2013,1185.216
10/24/2013,1226.5903
10/25/2013,1283.4761
10/26/2013,1284.8382
10/27/2013,1285.6623
10/28/2013,1327.0647
10/29/2013,1269.2167
10/30/2013,1275.3696
10/31/2013,1239.9929
11/1/2013,1201.6186
11/2/2013,1294.1812
11/3/2013,1336.2249
11/4/2013,1292.9198
11/5/2013,1314.8845
11/6/2013,1348.4713
11/7/2013,1368.8903
11/8/2013,1469.0399
11/9/2013,1595.32
11/10/2013,1719.9289
11/11/2013,1616.9799
11/12/2013,1604.0783
11/13/2013,1609.4163
11/14/2013,1491.547
11/15/2013,1549.0922
11/16/2013,1612.2726
11/17/2013,1714.9157
11/18/2013,1730.6915
11/19/2013,1917.1062
11/20/2013,2191.5096
11/21/2013,2202.0575
11/22/2013,2163.1118
11/23/2013,2123.1049
11/24/2013,2225.2458
11/25/2013,2205.2076
11/26/2013,2113.8876
11/27/2013,2103.0494
11/28/2013,2088.0262
11/29/2013,2112.904
11/30/2013,2245.8358
12/1/2013,2390.8511
12/2/2013,2362.0629
12/3/2013,2750.601
12/4/2013,2903.2718
12/5/2013,2986.368
12/6/2013,2881.3105
12/7/2013,2899.3461
12/8/2013,3121.6553
12/9/2013,3167.0318
12/10/2013,3182.3808
12/11/2013,3261.0577
12/12/2013,3422.4756
12/13/2013,3356.7041
12/14/2013,3295.141
12/15/2013,3362.6622
12/16/2013,3455.4645
12/17/2013,3350.5436
12/18/2013,3323.3572
12/19/2013,3317.3369
12/20/2013,3261.1011
12/21/2013,3297.2014
12/22/2013,3284.587
12/23/2013,3186.369
12/24/2013,3190.576
12/25/2013,3209.8182
12/26/2013,3200.6289
12/27/2013,3199.3607
12/28/2013,3179.4231
12/29/2013,3203.4593
12/30/2013,3370.8585
12/31/2013,3327.4315
1/1/2014,2722.7681
1/2/2014,2896.9476
1/3/2014,3004.1027
1/4/2014,3094.3543
1/5/2014,3301.1738
1/6/2014,3294.4426
1/7/2014,3113.9386
1/8/2014,3072.1844
1/9/2014,3045.1055
1/10/2014,2974.6212
1/11/2014,2950.6217
1/12/2014,2993.425
1/13/2014,3048.7396
1/14/2014,3037.0421
1/15/2014,3028.9971
1/16/2014,3117.5553
1/17/2014,2971.273
1/18/2014,2773.2806
1/19/2014,2839.4399
1/20/2014,2764.8664
1/21/2014,2813.2667
1/22/2014,2808.4923
1/23/2014,2732.6318
1/24/2014,2669.6555
1/25/2014,2592.7728
1/26/2014,2875.6015
1/27/2014,2864.7997
1/28/2014,2770.3642
1/29/2014,2801.1448
1/30/2014,3040.8046
1/31/2014,3362.6768
2/1/2014,3546.0161
2/2/2014,3792.1279
2/3/2014,3853.9179
2/4/2014,3922.1038
2/5/2014,3784.2664
2/6/2014,3568.3304
2/7/2014,3595.084
2/8/2014,3415.4498
2/9/2014,3345.9095
2/10/2014,3120.3941
2/11/2014,2947.162
2/12/2014,2859.3797
2/13/2014,2855.6826
2/14/2014,2755.1397
2/15/2014,2591.6933
2/16/2014,2655.9166
2/17/2014,2501.6336
2/18/2014,2440.407
2/19/2014,2543.5273
2/20/2014,2381.7215
2/21/2014,2246.6386
2/22/2014,2611.5446
2/23/2014,2894.0986
2/24/2014,2773.2613
2/25/2014,2764.2529
2/26/2014,2840.6402
2/27/2014,2458.2254
2/28/2014,2448.4902
3/1/2014,2196.2969
3/2/2014,2349.2065
3/3/2014,2065.8204
3/4/2014,2069.835
3/5/2014,1827.7739
3/6/2014,1757.8796
3/7/2014,2064.9974
3/8/2014,2382.1878
3/9/2014,2370.4996
3/10/2014,2236.943
3/11/2014,2344.5671
3/12/2014,2165.8495
3/13/2014,2292.0456
3/14/2014,2326.7807
3/15/2014,2140.3362
3/16/2014,2083.0218
3/17/2014,2358.3989
3/18/2014,2222.2798
3/19/2014,2132.6356
3/20/2014,2003.596
3/21/2014,2157.3566
3/22/2014,1914.7851
3/23/2014,2092.9288
3/24/2014,1924.1712
3/25/2014,1772.9664
3/26/2014,1585.0918
3/27/2014,1793.6038
3/28/2014,1628.0237
3/29/2014,1997.547
3/30/2014,2737.88
3/31/2014,2588.6799
4/1/2014,2269.2727
4/2/2014,2168.8741
4/3/2014,2307.5972
4/4/2014,2233.6023
4/5/2014,1996.3196
4/6/2014,2016.3566
4/7/2014,1843.731
4/8/2014,1603.8048
4/9/2014,1886.1812
4/10/2014,1501.8268
4/11/2014,1381.952
4/12/2014,1380.2267
4/13/2014,1327.6335
4/14/2014,1211.3007
4/15/2014,1082.8418
4/16/2014,1008.5235
4/17/2014,980.8442
4/18/2014,965.132
4/19/2014,879.2617
4/20/2014,651.6983
4/21/2014,788.2765
4/22/2014,1033.1806
4/23/2014,1083.7887
4/24/2014,1008.3008
4/25/2014,1093.5221
4/26/2014,1153.9884
4/27/2014,1143.7632
4/28/2014,1002.5699
4/29/2014,923.7647
4/30/2014,864.022
5/1/2014,882.3694
5/2/2014,837.6789
5/3/2014,841.429
5/4/2014,885.0523
5/5/2014,804.262
5/6/2014,773.0142
5/7/2014,797.6894
5/8/2014,765.4407
5/9/2014,776.8488
5/10/2014,757.2621
5/11/2014,740.8959
5/12/2014,791.7958
5/13/2014,760.6606
5/14/2014,765.8334
5/15/2014,742.8476
5/16/2014,747.9378
5/17/2014,728.4978
5/18/2014,773.1764
5/19/2014,747.9069
5/20/2014,783.7073
5/21/2014,762.7809
5/22/2014,788.7912
5/23/2014,792.7381
5/24/2014,737.2964
5/25/2014,736.8951
5/26/2014,776.6885
5/27/2014,755.906
5/28/2014,754.5758
5/29/2014,724.5769
5/30/2014,729.8502
5/31/2014,713.1357
6/1/2014,723.0242
6/2/2014,712.7653
6/3/2014,713.4845
6/4/2014,767.3432
6/5/2014,748.7538
6/6/2014,740.1721
6/7/2014,715.7247
6/8/2014,745.289
6/9/2014,727.7318
6/10/2014,734.3194
6/11/2014,739.9413
6/12/2014,753.7945
6/13/2014,751.0801
6/14/2014,752.2336
6/15/2014,715.7691
6/16/2014,710.9515
6/17/2014,711.423
6/18/2014,712.9059
6/19/2014,700.3584
6/20/2014,703.63
6/21/2014,683.5669
6/22/2014,701.5284
6/23/2014,714.3841
6/24/2014,720.4245
6/25/2014,737.5096
6/26/2014,719.6479
6/27/2014,704.1726
6/28/2014,680.541
6/29/2014,689.2519
6/30/2014,697.9538
7/1/2014,688.2675
7/2/2014,684.3381
7/3/2014,679.0819
7/4/2014,652.1606
7/5/2014,649.2412
7/6/2014,635.8511
7/7/2014,664.96
7/8/2014,683.5026
7/9/2014,670.8322
7/10/2014,671.4019
7/11/2014,666.6906
7/12/2014,631.7956
7/13/2014,620.4169
7/14/2014,642.7481
7/15/2014,640.4857
7/16/2014,628.6762
7/17/2014,631.5653
7/18/2014,629.251
7/19/2014,604.7906
7/20/2014,597.8481
7/21/2014,621.8125
7/22/2014,630.0041
7/23/2014,614.4271
7/24/2014,613.7741
7/25/2014,607.6626
7/26/2014,580.5969
7/27/2014,551.0218
7/28/2014,611.9814
7/29/2014,612.1239
7/30/2014,610.7967
7/31/2014,619.497
8/1/2014,604.7398
8/2/2014,578.8665
8/3/2014,578.1455
8/4/2014,592.6417
8/5/2014,583.7837
8/6/2014,596.7033
8/7/2014,610.8245
8/8/2014,598.6963
8/9/2014,584.804
8/10/2014,567.2313
8/11/2014,589.7008
8/12/2014,576.9977
8/13/2014,582.8087
8/14/2014,556.7563
8/15/2014,549.9477
8/16/2014,529.3372
8/17/2014,544.1174
8/18/2014,552.391
8/19/2014,527.7633
8/20/2014,551.0171
8/21/2014,542.7201
8/22/2014,540.7824
8/23/2014,531.2246
8/24/2014,546.4229
8/25/2014,545.5135
8/26/2014,565.8699
8/27/2014,560.6153
8/28/2014,555.1953
8/29/2014,557.0244
8/30/2014,572.0738
8/31/2014,605.2339
9/1/2014,610.2929
9/2/2014,597.8778
9/3/2014,620.405
9/4/2014,611.471
9/5/2014,608.1403
9/6/2014,614.3043
9/7/2014,641.0157
9/8/2014,631.8574
9/9/2014,615.4232
9/10/2014,628.8932
9/11/2014,633.8716
9/12/2014,629.8274
9/13/2014,638.3161
9/14/2014,696.7361
9/15/2014,680.6237
9/16/2014,698.9324
9/17/2014,664.9662
9/18/2014,688.5098
9/19/2014,711.6295
9/20/2014,717.7124
9/21/2014,753.6968
9/22/2014,706.7439
9/23/2014,706.5005
9/24/2014,745.9831
9/25/2014,766.47
9/26/2014,758.8498
9/27/2014,750.2864
9/28/2014,834.2397
9/29/2014,789.486
9/30/2014,822.9746
10/1/2014,825.2386
10/2/2014,810.1097
10/3/2014,859.8943
10/4/2014,884.6531
10/5/2014,945.4191
10/6/2014,870.426
10/7/2014,928.4622
10/8/2014,1070.7961
10/9/2014,1130.3102
10/10/2014,1046.2233
10/11/2014,1043.5356
10/12/2014,1039.603
10/13/2014,908.5497
10/14/2014,919.7303
10/15/2014,858.5279
10/16/2014,851.1831
10/17/2014,843.3351
10/18/2014,846.9153
10/19/2014,1105.66
10/20/2014,1157.8448
10/21/2014,1193.2402
10/22/2014,1176.8568
10/23/2014,1133.3988
10/24/2014,1023.539
10/25/2014,1145.3744
10/26/2014,1576.9699
10/27/2014,1769.0074
10/28/2014,1899.1086
10/29/2014,2132.0843
10/30/2014,2007.5564
10/31/2014,1931.4018
11/1/2014,1964.6418
11/2/2014,2283.4234
11/3/2014,2469.0715
11/4/2014,2700.5802
11/5/2014,2608.0875
11/6/2014,2463.7497
11/7/2014,2247.877
11/8/2014,2230.8844
11/9/2014,2354.459
11/10/2014,2220.6185
11/11/2014,2402.9822
11/12/2014,2333.5109
11/13/2014,2431.3723
11/14/2014,2338.3654
11/15/2014,2236.2995
11/16/2014,2298.6699
11/17/2014,2378.3756
11/18/2014,2357.2055
11/19/2014,2369.7707
11/20/2014,2413.2785
11/21/2014,2368.0886
11/22/2014,2484.5497
11/23/2014,2468.9922
11/24/2014,2771.1298
11/25/2014,2952.5874
11/26/2014,2790.0678
11/27/2014,2867.6016
11/28/2014,2837.619
11/29/2014,2753.1259
11/30/2014,2882.4684
12/1/2014,2951.7655
12/2/2014,3053.0416
12/3/2014,3070.8931
12/4/2014,3142.496
12/5/2014,3011.53
12/6/2014,3077.7218
12/7/2014,3284.4526
12/8/2014,3161.1159
12/9/2014,2931.1492
12/10/2014,2928.9678
12/11/2014,2647.1838
12/12/2014,2701.0954
12/13/2014,2559.1043
12/14/2014,2755.3549
12/15/2014,2724.6408
12/16/2014,2776.3424
12/17/2014,2817.3373
12/18/2014,2798.4334
12/19/2014,2729.9293
12/20/2014,2614.9674
12/21/2014,2781.7554
12/22/2014,2891.7695
12/23/2014,2947.3448
12/24/2014,3014.1718
12/25/2014,2840.5834
12/26/2014,2828.7978
12/27/2014,2921.6676
12/28/2014,2920.357
12/29/2014,3051.6751
12/30/2014,2994.3788
12/31/2014,3102.9051
1/1/2015,2536.6098
1/2/2015,2629.4424
1/3/2015,2580.414
1/4/2015,2810.8193
1/5/2015,2805.1412
1/6/2015,2884.4386
1/7/2015,2999.1069
1/8/2015,3354.7381
1/9/2015,3419.2232
1/10/2015,3514.3636
1/11/2015,3516.6705
1/12/2015,3339.6922
1/13/2015,3270.5549
1/14/2015,3150.959
1/15/2015,3074.1
1/16/2015,3107.408
1/17/2015,3015.5393
1/18/2015,2992.1429
1/19/2015,3212.6093
1/20/2015,3164.265
1/21/2015,3354.13
1/22/2015,3361.8665
1/23/2015,3306.6689
1/24/2015,3300.5543
1/25/2015,3359.4634
1/26/2015,3307.5404
1/27/2015,3152.8653
1/28/2015,3250.5721
1/29/2015,3032.907
1/30/2015,2903.1724
1/31/2015,2925.2467
2/1/2015,3052.7795
2/2/2015,2769.4046
2/3/2015,2604.9979
2/4/2015,2827.1902
2/5/2015,2668.1332
2/6/2015,2571.2845
2/7/2015,2509.343
2/8/2015,2801.4692
2/9/2015,3073.2836
2/10/2015,2929.9509
2/11/2015,2979.4566
2/12/2015,3020.6317
2/13/2015,2849.6764
2/14/2015,2930.485
2/15/2015,3008.5968
2/16/2015,2848.3127
2/17/2015,2954.0069
2/18/2015,3261.5053
2/19/2015,3356.2482
2/20/2015,3270.1587
2/21/2015,3197.4975
2/22/2015,3142.8386
2/23/2015,2952.8876
2/24/2015,2870.2649
2/25/2015,2823.6069
2/26/2015,2753.272
2/27/2015,2798.6301
2/28/2015,2744.674
3/1/2015,2790.1964
3/2/2015,2491.4707
3/3/2015,2456.6623
3/4/2015,2588.0194
3/5/2015,2899.1502
3/6/2015,2688.8872
3/7/2015,2476.3805
3/8/2015,2832.8455
3/9/2015,2952.6882
3/10/2015,2916.5563
3/11/2015,2620.0273
3/12/2015,2495.5273
3/13/2015,2240.3327
3/14/2015,1930.7198
3/15/2015,2343.649
3/16/2015,2551.3558
3/17/2015,2804.5235
3/18/2015,2630.7004
3/19/2015,2610.6042
3/20/2015,2837.7192
3/21/2015,2509.9835
3/22/2015,2913.4173
3/23/2015,2689.5942
3/24/2015,2450.5668
3/25/2015,2526.7803
3/27/2015,1891.1754
3/28/2015,1886.0854
3/29/2015,2358.9439
3/30/2015,2744.5002
3/31/2015,2467.2729
4/1/2015,2410.5824
4/2/2015,2232.3359
4/3/2015,2290.8509
4/4/2015,2663.2567
4/5/2015,2443.1635
4/6/2015,2175.2003
4/7/2015,1919.4064
4/8/2015,1771.0214
4/9/2015,1932.6777
4/10/2015,2072.8251
4/11/2015,2268.2638
4/12/2015,1879.4495
4/13/2015,2216.3163
4/14/2015,2194.3982
4/15/2015,2029.1706
4/16/2015,1990.8084
4/17/2015,1609.0677
4/18/2015,1310.8074
4/19/2015,1398.6618
4/20/2015,1989.6284
4/21/2015,2123.2912
4/22/2015,2002.5101
4/23/2015,2378.0686
4/24/2015,2373.5392
4/25/2015,1920.0425
4/26/2015,1595.0593
4/27/2015,1405.2247
4/28/2015,1231.2355
4/29/2015,1092.8124
4/30/2015,1137.8301
5/1/2015,1018.3291
5/2/2015,1045.2674
5/3/2015,1079.6389
5/4/2015,1054.4029
5/5/2015,1121.9266
5/6/2015,946.7889
5/7/2015,957.0688
5/8/2015,993.8359
5/9/2015,1069.3499
5/10/2015,1298.663
5/11/2015,1043.9357
5/12/2015,1153.3172
5/13/2015,1304.6893
5/14/2015,1248.8953
5/15/2015,1067.3618
5/16/2015,1003.6296
5/17/2015,1128.8288
5/18/2015,988.7664
5/19/2015,885.9535
5/20/2015,887.7886
5/21/2015,858.6478
5/22/2015,820.971
5/23/2015,823.7498
5/24/2015,908.4712
5/25/2015,805.8163
5/26/2015,848.6076
5/27/2015,811.4216
5/28/2015,800.4293
5/29/2015,790.0328
5/30/2015,767.0823
5/31/2015,827.9959
6/1/2015,804.1988
6/2/2015,787.8226
6/3/2015,787.2203
6/4/2015,800.0442
6/5/2015,751.8483
6/6/2015,747.935
6/7/2015,756.8176
6/8/2015,789.4265
6/9/2015,771.7102
6/10/2015,763.3171
6/11/2015,761.5728
6/12/2015,762.3199
6/13/2015,948.4177
6/14/2015,699.3507
6/15/2015,731.6462
6/16/2015,732.208
6/17/2015,735.6124
6/18/2015,728.6268
6/19/2015,708.5703
6/20/2015,715.9776
6/21/2015,749.2164
6/22/2015,717.1985
6/23/2015,726.6502
6/24/2015,700.501
6/25/2015,697.5688
6/26/2015,702.2976
6/27/2015,695.428
6/28/2015,722.9308
6/29/2015,710.484
6/30/2015,719.9478
7/1/2015,716.0521
7/2/2015,728.2548
7/3/2015,719.2688
7/4/2015,692.69
7/5/2015,700.8778
7/6/2015,705.2517
7/7/2015,710.1028
7/8/2015,715.9407
7/9/2015,721.083
7/10/2015,694.0885
7/11/2015,664.2841
7/12/2015,692.8217
7/13/2015,724.2557
7/14/2015,737.1632
7/15/2015,717.3371
7/16/2015,731.0717
7/17/2015,717.6403
7/18/2015,678.6412
7/19/2015,700.5926
7/20/2015,696.7052
7/21/2015,678.9397
7/22/2015,672.7823
7/23/2015,689.5137
7/24/2015,671.5576
7/25/2015,641.1266
7/26/2015,634.5823
7/27/2015,655.0754
7/28/2015,651.382
7/29/2015,650.7051
7/30/2015,653.6743
7/31/2015,636.4306
8/1/2015,612.1833
8/2/2015,609.7391
8/3/2015,604.9075
8/4/2015,606.4004
8/5/2015,611.1753
8/6/2015,617.148
8/7/2015,603.352
8/8/2015,588.6607
8/9/2015,599.0184
8/10/2015,618.703
8/11/2015,613.3236
8/12/2015,609.2693
8/13/2015,604.0312
8/14/2015,599.4901
8/15/2015,563.4625
8/16/2015,575.6501
8/17/2015,597.8019
8/18/2015,589.7988
8/19/2015,593.4948
8/20/2015,596.5078
8/21/2015,591.2881
8/22/2015,589.7328
8/23/2015,608.3157
8/24/2015,647.6427
8/25/2015,649.6312
8/26/2015,682.1797
8/27/2015,686.4333
8/28/2015,628.4945
8/29/2015,636.1463
8/30/2015,684.0369
8/31/2015,695.3509
9/1/2015,702.8817
9/2/2015,706.9762
9/3/2015,696.4399
9/4/2015,689.5696
9/5/2015,677.2994
9/6/2015,688.5893
9/7/2015,693.3928
9/8/2015,687.4553
9/9/2015,701.6791
9/10/2015,702.7113
9/11/2015,708.0468
9/12/2015,680.9606
9/13/2015,758.0963
9/14/2015,708.5627
9/15/2015,725.4687
9/16/2015,724.9247
9/17/2015,733.6563
9/18/2015,729.5638
9/19/2015,723.4735
9/20/2015,781.9308
9/21/2015,714.7163
9/22/2015,743.104
9/23/2015,753.3878
9/24/2015,757.7077
9/25/2015,737.5
9/26/2015,726.1752
9/27/2015,792.6089
9/28/2015,761.1985
9/29/2015,773.0502
9/30/2015,780.119
10/1/2015,762.8871
10/2/2015,734.3111
10/3/2015,737.0756
10/4/2015,790.8118
10/5/2015,793.5328
10/6/2015,786.1114
10/7/2015,777.435
10/8/2015,810.1869
10/9/2015,878.2712
10/10/2015,965.4073
10/11/2015,1035.1545
10/12/2015,1033.0973
10/13/2015,1077.733
10/14/2015,1261.2485
10/15/2015,1109.7965
10/16/2015,1131.4865
10/17/2015,1281.1615
10/18/2015,1373.4259
10/19/2015,1294.9075
10/20/2015,1326.4231
10/21/2015,1364.4201
10/22/2015,1372.8852
10/23/2015,1322.6758
10/24/2015,1199.4164
10/25/2015,1336.3373
10/26/2015,1498.8369
10/27/2015,1593.4839
10/28/2015,1592.5716
10/29/2015,1682.0452
10/30/2015,1823.5467
10/31/2015,1797.0223
11/1/2015,2285.8792
11/2/2015,2404.1496
11/3/2015,2308.7118
11/4/2015,2216.8499
11/5/2015,2146.5892
11/6/2015,1976.4588
11/7/2015,2108.3313
11/8/2015,2275.0449
11/9/2015,2100.5086
11/10/2015,2089.9127
11/11/2015,2237.3412
11/12/2015,2393.6879
11/13/2015,2116.1765
11/14/2015,2421.1373
11/15/2015,2507.1937
11/16/2015,2538.6457
11/17/2015,2598.2817
11/18/2015,2631.7964
11/19/2015,2726.5221
11/20/2015,2566.2658
11/21/2015,2443.235
11/22/2015,2376.8617
11/23/2015,2457.7387
11/24/2015,2481.182
11/25/2015,2588.7434
11/26/2015,2609.3662
11/27/2015,2408.3519
11/28/2015,2497.5383
11/29/2015,2627.3108
11/30/2015,2328.6056
12/1/2015,2662.8074
12/2/2015,2657.0955
12/3/2015,3032.9075
12/4/2015,3036.791
12/5/2015,3055.4409
12/6/2015,3186.4176
12/7/2015,3131.9768
12/8/2015,3005.6142
12/9/2015,2963.6334
12/10/2015,3130.3374
12/11/2015,3047.4884
12/12/2015,3132.7954
12/13/2015,3226.1145
12/14/2015,3250.2132
12/15/2015,3233.004
12/16/2015,3240.3167
12/17/2015,3263.8833
12/18/2015,3266.4963
12/19/2015,3317.425
12/20/2015,3431.0977
12/21/2015,3255.2808
12/22/2015,2999.7919
12/23/2015,3025.917
12/24/2015,3048.5301
12/25/2015,2967.6366
12/26/2015,2866.9923
12/27/2015,2978.6177
12/28/2015,2972.366
12/29/2015,2924.1853
12/30/2015,3279.6101
12/31/2015,3486.1615
1/1/2016,3195.7207
1/2/2016,3396.8415
1/3/2016,3648.1881
1/4/2016,3833.3482
1/5/2016,3623.1207
1/6/2016,3402.3511
1/7/2016,3194.52
1/8/2016,3072.6282
1/9/2016,3053.3784
1/10/2016,3144.9651
1/11/2016,3067.4712
1/12/2016,2843.0221
1/13/2016,2780.5194
1/14/2016,2879.613
1/15/2016,2899.8273
1/16/2016,3069.7305
1/17/2016,3145.1177
1/18/2016,3006.8253
1/19/2016,3012.6958
1/20/2016,3187.7686
1/21/2016,3317.206
1/22/2016,3046.0289
1/23/2016,3100.6569
1/24/2016,3612.3444
1/25/2016,3767.6785
1/26/2016,3929.8563
1/27/2016,3931.562
1/28/2016,3818.6682
1/29/2016,3615.3881
1/30/2016,3465.4556
1/31/2016,3368.8381
2/1/2016,3122.7318
2/2/2016,3370.3147
2/3/2016,3242.7254
2/4/2016,3081.5667
2/5/2016,2992.8968
2/6/2016,2657.5903
2/7/2016,3136.9867
2/8/2016,3314.9849
2/9/2016,3387.0814
2/10/2016,3442.7604
2/11/2016,3456.8426
2/12/2016,3176.8928
2/13/2016,2947.9237
2/14/2016,2920.2523
2/15/2016,2392.5907
2/16/2016,2640.1936
2/17/2016,2420.5468
2/18/2016,2660.6604
2/19/2016,3003.5548
2/20/2016,3094.1206
2/21/2016,3153.3462
2/22/2016,3079.6831
2/23/2016,2957.2702
2/24/2016,2907.5875
2/25/2016,2605.4818
2/26/2016,2155.5097
2/27/2016,2053.8347
2/28/2016,2375.9837
2/29/2016,1872.5058
3/1/2016,1956.9151
3/2/2016,1763.2081
3/3/2016,1877.4773
3/4/2016,1718.6672
3/5/2016,1549.4735
3/6/2016,1917.6787
3/7/2016,1661.4309
3/8/2016,1736.5818
3/9/2016,1601.9222
3/10/2016,1685.6191
3/11/2016,1717.5276
3/12/2016,1787.0914
3/13/2016,1874.9565
3/14/2016,2208.2359
3/15/2016,2528.8468
3/16/2016,2728.6763
3/17/2016,2917.7472
3/18/2016,2799.2442
3/19/2016,2489.0075
3/20/2016,3108.7015
3/21/2016,2685.5954
3/22/2016,2508.1498
3/23/2016,2477.6248
3/24/2016,2200.9973
3/25/2016,2063.355
3/26/2016,1936.2534
3/27/2016,2095.7386
3/28/2016,2438.0704
3/29/2016,2740.5219
3/30/2016,2713.4227
3/31/2016,2384.9558
4/1/2016,2042.7851
4/2/2016,1834.1084
4/3/2016,2482.4259
4/4/2016,2167.2984
4/5/2016,1936.4751
4/6/2016,1973.9727
4/7/2016,1573.4054
4/8/2016,1406.6023
4/9/2016,1327.4752
4/10/2016,1735.9609
4/11/2016,1353.7191
4/12/2016,1525.8993
4/13/2016,1342.0993
4/14/2016,1272.9386
4/15/2016,1078.2364
4/16/2016,1319.9084
4/17/2016,1323.0966
4/18/2016,1125.402
4/19/2016,1030.0289
4/20/2016,969.5436
4/21/2016,1074.375
4/22/2016,1244.0003
4/23/2016,1179.5083
4/24/2016,1104.1885
4/25/2016,1000.3622
4/26/2016,938.7889
4/27/2016,967.0723
4/28/2016,1008.6303
4/29/2016,1049.1835
4/30/2016,965.4094
5/1/2016,768.686
5/2/2016,789.9742
5/3/2016,896.7719
5/4/2016,908.0551
5/5/2016,879.5914
5/6/2016,889.8258
5/7/2016,932.8054
5/8/2016,917.0979
5/9/2016,925.9616
5/10/2016,866.8816
5/11/2016,863.1659
5/12/2016,931.6429
5/13/2016,849.1147
5/14/2016,827.6678
5/15/2016,870.2311
5/16/2016,845.4369
5/17/2016,828.1423
5/18/2016,840.0406
5/19/2016,862.1347
5/20/2016,833.0213
5/21/2016,812.1825
5/22/2016,896.6041
5/23/2016,833.7365
5/24/2016,849.3702
5/25/2016,786.8215
5/26/2016,821.0477
5/27/2016,770.8689
5/28/2016,757.2679
5/29/2016,841.9491
5/30/2016,801.9057
5/31/2016,801.8136
6/1/2016,792.4585
6/2/2016,787.7473
6/3/2016,764.6406
6/4/2016,771.5679
6/5/2016,808.6337
6/6/2016,747.9126
6/7/2016,772.1602
6/8/2016,779.5833
6/9/2016,800.5488
6/10/2016,803.7599
6/11/2016,797.9932
6/12/2016,836.9159
6/13/2016,788.8375
6/14/2016,769.0321
6/15/2016,765.0308
6/16/2016,769.6691
6/17/2016,774.4318
6/18/2016,736.4292
6/19/2016,781.9853
6/20/2016,755.8178
6/21/2016,755.8441
6/22/2016,747.3529
6/23/2016,736.4994
6/24/2016,733.5955
6/25/2016,702.3981
6/26/2016,718.3653
6/27/2016,699.0513
6/28/2016,693.7487
6/29/2016,700.3296
6/30/2016,672.1212
7/1/2016,681.5079
7/2/2016,660.0174
7/3/2016,683.8304
7/4/2016,700.6753
7/5/2016,702.0113
7/6/2016,715.8557
7/7/2016,711.3759
7/8/2016,673.1087
7/9/2016,678.3108
7/10/2016,698.6161
7/11/2016,702.3548
7/12/2016,702.042
7/13/2016,693.4779
7/14/2016,688.31
7/15/2016,666.6666
7/16/2016,632.6846
7/17/2016,633.468
7/18/2016,637.5029
7/19/2016,644.0031
7/20/2016,646.5394
7/21/2016,630.1764
7/22/2016,621.988
7/23/2016,600.7785
7/24/2016,625.1358
7/25/2016,642.7087
7/26/2016,623.3643
7/27/2016,628.2566
7/28/2016,636.758
7/29/2016,637.8948
7/30/2016,623.2746
7/31/2016,635.6603
8/1/2016,629.3073
8/2/2016,619.3315
8/3/2016,613.4062
8/4/2016,616.1444
8/5/2016,598.539
8/6/2016,572.2914
8/7/2016,574.0951
8/8/2016,579.4429
8/9/2016,580.928
8/10/2016,580.1899
8/11/2016,567.3481
8/12/2016,548.7087
8/13/2016,532.7753
8/14/2016,563.5474
8/15/2016,590.3873
8/16/2016,584.8694
8/17/2016,596.3527
8/18/2016,582.3497
8/19/2016,569.6848
8/20/2016,552.0168
8/21/2016,582.8611
8/22/2016,561.1451
8/23/2016,590.2754
8/24/2016,594.7103
8/25/2016,604.2319
8/26/2016,587.0964
8/27/2016,570.1391
8/28/2016,560.7376
8/29/2016,588.5314
8/30/2016,612.0711
8/31/2016,630.3759
9/1/2016,635.7628
9/2/2016,630.8784
9/3/2016,635.1274
9/4/2016,680.065
9/5/2016,671.0479
9/6/2016,694.3675
9/7/2016,682.4852
9/8/2016,680.8434
9/9/2016,682.5477
9/10/2016,678.9253
9/11/2016,734.8554
9/12/2016,704.1077
9/13/2016,736.7753
9/14/2016,732.2084
9/15/2016,723.1699
9/16/2016,730.4237
9/17/2016,729.5961
9/18/2016,791.5479
9/19/2016,760.126
9/20/2016,740.7281
9/21/2016,754.6977
9/22/2016,755.8563
9/23/2016,725.0777
9/24/2016,799.929
9/25/2016,890.7595
9/26/2016,829.0209
9/27/2016,833.5522
9/28/2016,916.8001
9/29/2016,946.1883
9/30/2016,907.1092
10/1/2016,865.8284
10/2/2016,952.2527
10/3/2016,872.5469
10/4/2016,900.1362
10/5/2016,866.3922
10/6/2016,847.9812
10/7/2016,839.0981
10/8/2016,768.3461
10/9/2016,860.4236
10/10/2016,856.094
10/11/2016,861.3376
10/12/2016,864.6057
10/13/2016,930.0243
10/14/2016,981.751
10/15/2016,968.9733
10/16/2016,1159.283
10/17/2016,1439.6639
10/18/2016,1875.602
10/19/2016,2080.4822
10/20/2016,2115.1188
10/21/2016,2112.225
10/22/2016,2261.1193
10/23/2016,2368.7284
10/24/2016,2458.7213
10/25/2016,2786.3607
10/26/2016,2960.4099
10/27/2016,2754.3682
10/28/2016,2632.8172
10/29/2016,2477.0506
10/30/2016,2631.7023
10/31/2016,2777.0363
11/1/2016,2823.9835
11/2/2016,2845.581
11/3/2016,2827.3756
11/4/2016,2630.0495
11/5/2016,2442.3982
11/6/2016,2645.3093
11/7/2016,2379.5571
11/8/2016,2295.3914
11/9/2016,2209.7805
11/10/2016,2231.3312
11/11/2016,1999.6086
11/12/2016,1933.0724
11/13/2016,2375.0872
11/14/2016,2103.5913
11/15/2016,2131.6029
11/16/2016,2512.7577
11/17/2016,2666.149
11/18/2016,2738.2796
11/19/2016,2805.7354
11/20/2016,3082.509
11/21/2016,3244.826
11/22/2016,3168.8873
11/23/2016,3731.6592
11/24/2016,3788.2867
11/25/2016,3804.0896
11/26/2016,3588.3976
11/27/2016,3229.8961
11/28/2016,3397.9356
11/29/2016,3241.8717
11/30/2016,3317.0878
12/1/2016,3308.3459
12/2/2016,3354.6512
12/3/2016,3348.254
12/4/2016,3598.4315
12/5/2016,3695.5419
12/6/2016,3909.5189
12/7/2016,4014.7237
12/8/2016,4204.7246
12/9/2016,4131.3039
12/10/2016,3878.7188
12/11/2016,3933.3226
12/12/2016,3639.7546
12/13/2016,3567.3685
12/14/2016,3894.2694
12/15/2016,4060.8539
12/16/2016,4200.1328
12/17/2016,4182.7086
12/18/2016,4335.3442
12/19/2016,4322.93
12/20/2016,4302.3846
12/21/2016,4247.3474
12/22/2016,4204.5552
12/23/2016,4190.4442
12/24/2016,4110.3268
12/25/2016,4143.7818
12/26/2016,3992.7134
12/27/2016,4124.0294
12/28/2016,3965.1043
12/29/2016,3944.2632
12/30/2016,3889.2911
12/31/2016,4016.760864
1/1/2017,3447.2453
1/2/2017,3542.514221
1/3/2017,3614.414307
1/4/2017,3608.14386
1/5/2017,3610.848938
1/6/2017,3536.522156
1/7/2017,3317.983215
1/8/2017,3329.699341
1/9/2017,3316.564087
1/10/2017,3462.385315
1/11/2017,3672.817993
1/12/2017,3630.738525
1/13/2017,3755.305542
1/14/2017,3552.252075
1/15/2017,3743.874329
1/16/2017,3714.829773
1/17/2017,3719.936523
1/18/2017,3826.759644
1/19/2017,3883.096497
1/20/2017,3768.701172
1/21/2017,3768.816101
1/22/2017,3999.621765
1/23/2017,3873.62439
1/24/2017,3773.742554
1/25/2017,3810.709778
1/26/2017,3838.041748
1/27/2017,3950.082947
1/28/2017,4129.650574
1/29/2017,4263.651672
1/30/2017,4224.319153
1/31/2017,4359.314453
2/1/2017,4332.786377
2/2/2017,4296.849609
2/3/2017,4105.227051
2/4/2017,4035.81189
2/5/2017,3873.759705
2/6/2017,3536.749939
2/7/2017,3383.700256
2/8/2017,3541.900696
2/9/2017,3848.701904
2/10/2017,3952.543335
2/11/2017,4079.961121
2/12/2017,4179.469116
2/13/2017,4126.803162
2/14/2017,4186.979797
2/15/2017,4172.451843
2/16/2017,4277.248901
2/17/2017,4265.296326
2/18/2017,4113.314819
2/19/2017,4042.499878
2/20/2017,3732.706421
2/21/2017,3483.492249
2/22/2017,3420.95343
2/23/2017,3370.45459
2/24/2017,3196.412628
2/25/2017,2820.091949
2/26/2017,3386.023621
2/27/2017,3274.909698
2/28/2017,2882.535889
3/1/2017,2756.059906
3/2/2017,2716.66684
3/3/2017,2652.477539
3/4/2017,2820.405609
3/5/2017,2722.09201
3/6/2017,2710.017548
3/7/2017,2513.160309
3/8/2017,2560.507904
3/9/2017,2318.180603
3/10/2017,2240.629593
3/11/2017,2436.253235
3/12/2017,2290.956085
3/13/2017,2351.248779
3/14/2017,2183.277359
3/15/2017,2400.621796
3/16/2017,2606.693329
3/17/2017,2305.796295
3/18/2017,2560.530579
3/19/2017,2478.613525
3/20/2017,2606.376434
3/21/2017,2927.637024
3/22/2017,2820.508087
3/23/2017,2604.894836
3/24/2017,2428.41301
3/25/2017,2555.717682
3/26/2017,2291.930878
3/27/2017,2349.976074
3/28/2017,2670.813629
3/29/2017,2504.437378
3/30/2017,2171.359558
3/31/2017,2126.690536
4/1/2017,2229.05191
4/2/2017,2772.572052
4/3/2017,2665.134613
4/4/2017,2107.392334
4/5/2017,1846.896393
4/6/2017,1739.933517
4/7/2017,1546.799637
4/8/2017,1480.80885
4/9/2017,2100.63681
4/10/2017,2236.358551
4/11/2017,2541.734558
4/12/2017,1959.073578
4/13/2017,2001.02243
4/14/2017,1902.517548
4/15/2017,1710.890137
4/16/2017,1238.873932
4/17/2017,1189.077942
4/18/2017,1107.750092
4/19/2017,1388.234573
4/20/2017,1206.695663
4/21/2017,1141.908401
4/22/2017,1484.063889
4/23/2017,1529.933289
4/24/2017,1632.819382
4/25/2017,1804.772858
4/26/2017,1699.114777
4/27/2017,1504.290817
4/28/2017,1377.744095
4/29/2017,1248.391205
4/30/2017,1209.84314
5/1/2017,972.7326508
5/2/2017,961.1681366
5/3/2017,1016.62661
5/4/2017,1027.554413
5/5/2017,959.1856461
5/6/2017,928.5805893
5/7/2017,986.8500824
5/8/2017,891.5932388
5/9/2017,978.3813095
5/10/2017,890.5961151
5/11/2017,907.5070114
5/12/2017,944.1910629
5/13/2017,898.2544785
5/14/2017,969.6773987
5/15/2017,901.1136932
5/16/2017,914.8142471
5/17/2017,913.9422302
5/18/2017,937.1856613
5/19/2017,918.4141235
5/20/2017,959.3492661
5/21/2017,1116.972748
5/22/2017,925.9913635
5/23/2017,946.0668182
5/24/2017,1019.257813
5/25/2017,875.6556702
5/26/2017,904.8769913
5/27/2017,855.1401825
5/28/2017,945.0788727
5/29/2017,858.8790894
5/30/2017,858.1517868
5/31/2017,866.241282
6/1/2017,857.2502213
6/2/2017,847.3642197
6/3/2017,824.9318237
6/4/2017,865.720787
6/5/2017,792.1542969
6/6/2017,788.0394821
6/7/2017,781.5735931
6/8/2017,796.8266678
6/9/2017,761.896965
6/10/2017,750.5243301
6/11/2017,811.9624786
6/12/2017,776.5715303
6/13/2017,784.5457976
6/14/2017,790.3971797
6/15/2017,803.9024658
6/16/2017,800.4604187
6/17/2017,781.0366669
6/18/2017,843.5437164
6/19/2017,771.1137695
6/20/2017,807.4688053
6/21/2017,791.6139526
6/22/2017,805.2503357
6/23/2017,785.2529297
6/24/2017,773.9785156
6/25/2017,785.7037811
6/26/2017,771.0910645
6/27/2017,757.7273865
6/28/2017,737.2041473
6/29/2017,727.543335
6/30/2017,731.0999146
7/1/2017,700.5136566
7/2/2017,696.3790436
7/3/2017,678.1595215
7/4/2017,672.5870244
7/5/2017,680.9593201
7/6/2017,681.3884277
7/7/2017,686.4012146
7/8/2017,682.1586761
7/9/2017,721.8961182
7/10/2017,709.859848
7/11/2017,706.837326
7/12/2017,698.9654388
7/13/2017,698.6448822
7/14/2017,688.5147705
7/15/2017,675.4373566
7/16/2017,667.7107391
7/17/2017,649.9812648
7/18/2017,651.6038971
7/19/2017,642.5055847
7/20/2017,655.3166504
7/21/2017,645.5199432
7/22/2017,616.6380615
7/23/2017,637.1436462
7/24/2017,627.2024841
7/25/2017,619.5601349
7/26/2017,622.0430908
7/27/2017,604.1973103
7/28/2017,590.2874832
7/29/2017,583.8597336
7/30/2017,617.5532455
7/31/2017,606.201088
8/1/2017,596.8427734
8/2/2017,591.9130325
8/3/2017,597.6328659
8/4/2017,572.6709366
8/5/2017,550.9097443
8/6/2017,549.048996
8/7/2017,556.365921
8/8/2017,551.5857331
8/9/2017,550.2263565
8/10/2017,539.1710587
8/11/2017,535.6843796
8/12/2017,518.4593277
8/13/2017,542.9546738
8/14/2017,542.3983765
8/15/2017,558.0381622
8/16/2017,550.8111877
8/17/2017,549.4509197
8/18/2017,543.4338989
8/19/2017,524.0486505
8/20/2017,546.5106356
8/21/2017,537.9356613
8/22/2017,551.3278275
8/23/2017,569.2223485
8/24/2017,497.4465742
8/25/2017,563.844098
8/26/2017,550.789032
8/27/2017,545.291893
8/28/2017,552.1514969
8/29/2017,581.6747284
8/30/2017,600.0255585
8/31/2017,614.3081512
9/1/2017,599.7520905
9/2/2017,614.3916931
9/3/2017,635.5327058
9/4/2017,623.6613007
9/5/2017,616.4294739
9/6/2017,638.2238159
9/7/2017,656.00177
9/8/2017,650.3914337
9/9/2017,648.2631683
9/10/2017,664.2809753
9/11/2017,662.6103973
9/12/2017,664.5083938
9/13/2017,655.6740389
9/14/2017,679.8239403
9/15/2017,640.3631287
9/16/2017,643.6431885
9/17/2017,717.3141785
9/18/2017,674.5168533
9/19/2017,686.3803329
9/20/2017,685.4094086
9/21/2017,668.0723419
9/22/2017,672.0959778
9/23/2017,664.3639221
9/24/2017,717.6537933
9/25/2017,687.0808868
9/26/2017,706.5318298
9/27/2017,726.3014679
9/28/2017,786.4511261
9/29/2017,847.8620148
9/30/2017,872.7344818
10/1/2017,961.3653259
10/2/2017,1021.20813
10/3/2017,1070.167145
10/4/2017,1258.302216
10/5/2017,1327.540924
10/6/2017,1176.181702
10/7/2017,1131.932465
10/8/2017,1150.576752
10/9/2017,1031.907578
10/10/2017,1152.472137
10/11/2017,1202.219849
10/12/2017,1186.434479
10/13/2017,1131.216492
10/14/2017,1126.726196
10/15/2017,1376.842834
10/16/2017,1552.849731
10/17/2017,1676.970459
10/18/2017,1517.785797
10/19/2017,1417.744415
10/20/2017,1448.025269
10/21/2017,1402.192535
10/22/2017,1470.836334
10/23/2017,1397.850281
10/24/2017,1501.139191
10/25/2017,1402.217407
10/26/2017,1338.467041
10/27/2017,1367.642975
10/28/2017,1439.782715
10/29/2017,1371.719849
10/30/2017,1492.686676
10/31/2017,1758.940811
11/1/2017,1877.06546
11/2/2017,2033.152802
11/3/2017,2165.643784
11/4/2017,2072.629669
11/5/2017,2108.913086
11/6/2017,2051.89328
11/7/2017,2005.720917
11/8/2017,2093.066208
11/9/2017,2139.192017
11/10/2017,2080.102386
11/11/2017,1985.91452
11/12/2017,2065.169647
11/13/2017,1918.767548
11/14/2017,2141.981354
11/15/2017,2005.362305
11/16/2017,1947.911316
11/17/2017,1956.951019
11/18/2017,2114.277924
11/19/2017,2207.513153
11/20/2017,2063.340851
11/21/2017,2168.373444
11/22/2017,2537.801453
11/23/2017,2897.939819
11/24/2017,3127.537476
11/25/2017,3273.987793
11/26/2017,3452.597473
11/27/2017,3457.178894
11/28/2017,3446.564819
11/29/2017,3492.727417
11/30/2017,3267.792053
12/1/2017,3251.043335
12/2/2017,3206.584961
12/3/2017,3367.182678
12/4/2017,3167.362946
12/5/2017,3219.913879
12/6/2017,3459.726807
12/7/2017,3591.348999
12/8/2017,3537.245728
12/9/2017,3321.659607
12/10/2017,3491.538025
12/11/2017,3474.389496
12/12/2017,3389.500275
12/13/2017,3413.756805
12/14/2017,3475.73587
12/15/2017,3504.374481
12/16/2017,3557.255005
12/17/2017,3573.073059
12/18/2017,3470.584534
12/19/2017,3374.999817
12/20/2017,3397.497009
12/21/2017,3280.578857
12/22/2017,3272.436462
12/23/2017,3329.55188
12/24/2017,3617.157959
12/25/2017,3505.074219
12/26/2017,3392.181274
12/27/2017,3428.149231
12/28/2017,3445.947205
12/29/2017,3309.906067
12/30/2017,3351.666077
12/31/2017,3186.290466
1/1/2018,2771.826416
1/2/2018,3142.604675
1/3/2018,3047.032684
1/4/2018,3118.07016
1/5/2018,3136.555786
1/6/2018,3082.360046
1/7/2018,3129.933502
1/8/2018,3112.362976
1/9/2018,3247.756592
1/10/2018,3529.223755
1/11/2018,3542.485474
1/12/2018,3353.406616
1/13/2018,3539.189331
1/14/2018,3781.765991
1/15/2018,3756.773743
1/16/2018,3882.039917
1/17/2018,3914.176453
1/18/2018,3883.769859
1/19/2018,3567.263123
1/20/2018,3449.011841
1/21/2018,3562.057434
1/22/2018,3523.787659
1/23/2018,3345.621094
1/24/2018,3507.103973
1/25/2018,3760.202271
1/26/2018,3759.698975
1/27/2018,3792.008423
1/28/2018,4113.913818
1/29/2018,4085.930969
1/30/2018,3903.658447
1/31/2018,3941.19696
2/1/2018,3977.082153
2/2/2018,3807.081604
2/3/2018,3666.155762
2/4/2018,3733.969177
2/5/2018,3456.222778
2/6/2018,3260.286346
2/7/2018,3206.329895
2/8/2018,3397.378235
2/9/2018,3366.376953
2/10/2018,3229.675629
2/11/2018,3525.218018
2/12/2018,3314.840515
2/13/2018,3294.632263
2/14/2018,3237.276581
2/15/2018,3263.630554
2/16/2018,3319.895325
2/17/2018,3322.707581
2/18/2018,3540.677002
2/19/2018,3365.720215
2/20/2018,3500.013123
2/21/2018,3516.205811
2/22/2018,3452.243927
2/23/2018,3443.051941
2/24/2018,3049.058105
2/25/2018,3111.839081
2/26/2018,3110.72998
2/27/2018,3360.003448
2/28/2018,2925.603424
3/1/2018,3263.344727
3/2/2018,3151.497131
3/3/2018,3040.574158
3/4/2018,3093.573059
3/5/2018,3142.305817
3/6/2018,3243.710388
3/7/2018,2781.216888
3/8/2018,2772.18576
3/9/2018,2929.431305
3/10/2018,2868.036285
3/11/2018,2980.226624
3/12/2018,2911.559265
3/13/2018,3279.206787
3/14/2018,3388.111664
3/15/2018,3155.802277
3/16/2018,2841.59906
3/17/2018,2736.953888
3/18/2018,2443.00383
3/19/2018,2000.233841
3/20/2018,1921.010727
3/21/2018,2232.774033
3/22/2018,2171.299194
3/23/2018,2398.963745
3/24/2018,2409.160187
3/25/2018,2273.118454
3/26/2018,2089.486664
3/27/2018,1956.106567
3/28/2018,1762.55986
3/29/2018,2033.950653
3/30/2018,2171.520233
3/31/2018,2199.808884
4/1/2018,2391.350525
4/2/2018,2044.756439
4/3/2018,2431.123169
4/4/2018,2309.50972
4/5/2018,2152.760284
4/6/2018,1928.387482
4/7/2018,1661.501831
4/8/2018,1308.064568
4/9/2018,1395.884472
4/10/2018,1429.515076
4/11/2018,1277.573822
4/12/2018,1121.512238
4/13/2018,1140.018265
4/14/2018,1255.959732
4/15/2018,1812.187531
4/16/2018,1884.012054
4/17/2018,1685.848389
4/18/2018,1501.184219
4/19/2018,1465.299881
4/20/2018,1557.586716
4/21/2018,1675.835159
4/22/2018,1663.087219
4/23/2018,1584.514465
4/24/2018,1481.872635
4/25/2018,1380.101105
4/26/2018,1136.20253
4/27/2018,1020.818176
4/28/2018,1020.411911
4/29/2018,1068.234497
4/30/2018,985.0279999
5/1/2018,972.9822845
5/2/2018,925.0000763
5/3/2018,877.9521408
5/4/2018,846.9314117
5/5/2018,838.4340401
5/6/2018,895.4185448
5/7/2018,804.537468
5/8/2018,807.4936981
5/9/2018,896.0249252
5/10/2018,841.6481323
5/11/2018,849.4994888
5/12/2018,859.9298248
5/13/2018,981.35495
5/14/2018,851.1944885
5/15/2018,844.8558655
5/16/2018,829.2143364
5/17/2018,809.3821144
5/18/2018,795.0051575
5/19/2018,781.25634
5/20/2018,859.4352684
5/21/2018,790.7706833
5/22/2018,805.0398598
5/23/2018,790.927597
5/24/2018,770.1117063
5/25/2018,750.6141119
5/26/2018,732.7123814
5/27/2018,811.9012756
5/28/2018,763.0056458
5/29/2018,788.8590088
5/30/2018,832.1275635
5/31/2018,775.8508453
6/1/2018,770.089447
6/2/2018,794.4183273
6/3/2018,887.5436859
6/4/2018,808.7119293
6/5/2018,800.4874268
6/6/2018,801.6339569
6/7/2018,767.8759632
6/8/2018,755.3773804
6/9/2018,745.7133026
6/10/2018,801.4586966
6/11/2018,746.0309172
6/12/2018,768.4971542
6/13/2018,776.7259293
6/14/2018,756.923172
6/15/2018,728.7843627
6/16/2018,731.7116277
6/17/2018,763.3959579
6/18/2018,726.3085805
6/19/2018,746.5372125
6/20/2018,743.2855072
6/21/2018,724.6023633
6/22/2018,721.4397865
6/23/2018,702.317688
6/24/2018,739.1502991
6/25/2018,703.3662142
6/26/2018,704.0600589
6/27/2018,686.5580228
6/28/2018,683.1886139
6/29/2018,640.0620728
6/30/2018,616.6712494
7/1/2018,638.1651917
7/2/2018,635.3932953
7/3/2018,632.3953094
7/4/2018,684.4580751
7/5/2018,631.8415527
7/6/2018,634.9719543
7/7/2018,631.0024567
7/8/2018,658.7112579
7/9/2018,645.364212
7/10/2018,625.5658112
7/11/2018,605.5896454
7/12/2018,609.2139587
7/13/2018,603.3408966
7/14/2018,590.3148193
7/15/2018,619.1626282
7/16/2018,619.4316998
7/17/2018,639.4672699
7/18/2018,622.3293839
7/19/2018,617.0047302
7/20/2018,589.1119537
7/21/2018,577.0186157
7/22/2018,628.8297577
7/23/2018,614.9668884
7/24/2018,612.0709991
7/25/2018,603.0105591
7/26/2018,583.2281265
7/27/2018,562.7579346
7/28/2018,548.237999
7/29/2018,563.3805389
7/30/2018,568.8261337
7/31/2018,561.1303635
8/1/2018,579.9813309
8/2/2018,567.0186081
8/3/2018,552.53228
8/4/2018,544.776825
8/5/2018,565.5200348
8/6/2018,561.6438103
8/7/2018,557.6071205
8/8/2018,561.8056183
8/9/2018,585.2546577
8/10/2018,576.8791237
8/11/2018,584.2703629
8/12/2018,617.67939
8/13/2018,607.5578117
8/14/2018,609.4333038
8/15/2018,611.8213005
8/16/2018,589.8825226
8/17/2018,582.1100693
8/18/2018,554.1054153
8/19/2018,571.4805145
8/20/2018,588.3035812
8/21/2018,606.4907684
8/22/2018,611.5590324
8/23/2018,622.7515093
8/24/2018,596.9062729
8/25/2018,583.7652054
8/26/2018,600.6490784
8/27/2018,591.5130386
8/28/2018,582.0644226
8/29/2018,588.0789185
8/30/2018,601.9271317
8/31/2018,601.1213989
9/1/2018,607.7473679
9/2/2018,643.2924881
9/3/2018,632.8131485
9/4/2018,654.0854721
9/5/2018,664.6448898
9/6/2018,650.9146042
9/7/2018,643.889595
9/8/2018,640.9904404
9/9/2018,683.6983948
9/10/2018,677.5850677
9/11/2018,702.7556458
9/12/2018,696.3310547
9/13/2018,694.988266
9/14/2018,681.2586365
9/15/2018,682.506012
9/16/2018,758.1604843
9/17/2018,699.7801208
9/18/2018,719.0393219
9/19/2018,712.2888794
9/20/2018,723.4749451
9/21/2018,692.9472122
9/22/2018,701.3075409
9/23/2018,776.4171295
9/24/2018,729.910675
9/25/2018,719.7240219
9/26/2018,730.2047577
9/27/2018,758.2823029
9/28/2018,749.9951324
9/29/2018,762.5489502
9/30/2018,809.5869751
10/1/2018,756.6856327
10/2/2018,730.3338938
10/3/2018,719.94664
10/4/2018,729.2718589
10/5/2018,758.5046759
10/6/2018,789.0615387
10/7/2018,893.7495422
10/8/2018,839.9058533
10/9/2018,838.823288
10/10/2018,867.5766296
10/11/2018,840.1111755
10/12/2018,814.3328696
10/13/2018,883.7460067
10/14/2018,992.1618652
10/15/2018,895.2236328
10/16/2018,933.0681763
10/17/2018,927.3815002
10/18/2018,916.9909668
10/19/2018,903.1671448
10/20/2018,905.1004944
10/21/2018,948.8566589
10/22/2018,931.2373657
10/23/2018,955.3300934
10/24/2018,990.8298492
10/25/2018,1040.385071
10/26/2018,1312.484512
10/27/2018,1367.455643
10/28/2018,1502.307281
10/29/2018,1504.940643
10/30/2018,1563.725708
10/31/2018,1577.764038
11/1/2018,1736.476564
11/2/2018,1978.558868
11/3/2018,2065.699158
11/4/2018,2235.749512
11/5/2018,2295.751556
11/6/2018,2418.260742
11/7/2018,2424.086548
11/8/2018,2389.813812
11/9/2018,2373.403595
11/10/2018,2395.074646
11/11/2018,2487.552979
11/12/2018,2626.956207
11/13/2018,2692.8508
11/14/2018,2933.205414
11/15/2018,3077.437225
11/16/2018,3005.768585
11/17/2018,2925.328094
11/18/2018,3143.379395
11/19/2018,3029.461578
11/20/2018,3035.153961
11/21/2018,2918.987
11/22/2018,2951.86264
11/23/2018,2909.145355
11/24/2018,3168.824249
11/25/2018,3271.355316
11/26/2018,3108.623322
11/27/2018,3041.018494
11/28/2018,2865.63681
11/29/2018,2767.227814
11/30/2018,3221.854279
12/1/2018,3357.992004
12/2/2018,3314.565521
12/3/2018,3312.124542
12/4/2018,3302.138245
12/5/2018,3304.357117
12/6/2018,3118.143097
12/7/2018,3111.368103
12/8/2018,3087.651093
12/9/2018,3342.485229
12/10/2018,3213.215454
12/11/2018,3248.583923
12/12/2018,3293.612183
12/13/2018,3319.219299
12/14/2018,3522.05542
12/15/2018,3607.79364
12/16/2018,3552.062408
12/17/2018,3645.909302
12/18/2018,3631.301331
12/19/2018,3666.146729
12/20/2018,3679.672119
12/21/2018,3539.278198
12/22/2018,3535.536438
12/23/2018,3643.207764
12/24/2018,3628.630615
12/25/2018,3684.699341
12/26/2018,3779.249084
12/27/2018,3960.64917
12/28/2018,4014.677673
12/29/2018,4013.658875
12/30/2018,4336.192566
12/31/2018,4320.70459
1/1/2019,3663.183472
1/2/2019,3786.485077
1/3/2019,3815.485077
1/4/2019,3645.058472
1/5/2019,3505.984253
1/6/2019,3662.492188
1/7/2019,3810.324829
1/8/2019,3915.423035
1/9/2019,4058.568848
1/10/2019,4033.802124
1/11/2019,3972.891418
1/12/2019,3890.80365
1/13/2019,4016.686707
1/14/2019,3813.681702
1/15/2019,3876.984131
1/16/2019,3608.590454
1/17/2019,4089.235535
1/18/2019,4017.212219
1/19/2019,3975.290588
1/20/2019,4158.672058
1/21/2019,4013.766541
1/22/2019,3971.635437
1/23/2019,3884.952393
1/24/2019,3767.949524
1/25/2019,3691.43866
1/26/2019,3776.123169
1/27/2019,3715.766663
1/28/2019,3493.242615
1/29/2019,3460.055603
1/30/2019,3702.882599
1/31/2019,3600.012268
2/1/2019,3512.684509
2/2/2019,3613.863953
2/3/2019,3592.975891
2/4/2019,3501.457947
2/5/2019,3605.518188
2/6/2019,3515.282379
2/7/2019,3509.943359
2/8/2019,3315.029236
2/9/2019,3597.620056
2/10/2019,3612.4328
2/11/2019,3464.216095
2/12/2019,3489.607544
2/13/2019,3320.362732
2/14/2019,3318.121094
2/15/2019,3493.727539
2/16/2019,3503.701294
2/17/2019,3816.71283
2/18/2019,3784.203247
2/19/2019,3886.196533
2/20/2019,3982.16333
2/21/2019,3643.938019
2/22/2019,3510.498138
2/23/2019,3335.269928
2/24/2019,3465.220032
2/25/2019,3488.724854
2/26/2019,3499.022644
2/27/2019,3559.192261
2/28/2019,3727.32666
3/1/2019,3700.699036
3/2/2019,3626.182953
3/3/2019,3968.781384
3/4/2019,3556.281494
3/5/2019,3320.897583
3/6/2019,3073.890228
3/7/2019,3281.694366
3/8/2019,3090.036133
3/9/2019,2786.363953
3/10/2019,2750.588989
3/11/2019,2707.510223
3/12/2019,2426.465729
3/13/2019,2358.635803
3/14/2019,2292.453003
3/15/2019,2646.004425
3/16/2019,2396.982849
3/17/2019,2947.510742
3/18/2019,3360.718475
3/19/2019,3104.005798
3/20/2019,2824.382141
3/21/2019,2883.970947
3/22/2019,2986.110382
3/23/2019,3046.503235
3/24/2019,3553.848206
3/25/2019,3457.92572
3/26/2019,3476.694031
3/27/2019,3020.495483
3/28/2019,3150.217499
3/29/2019,3174.796783
3/30/2019,3279.201569
3/31/2019,3554.179077
4/1/2019,3366.65625
4/2/2019,3302.411438
4/3/2019,3101.550537
4/4/2019,3033.009796
4/5/2019,2277.344055
4/6/2019,2560.593201
4/7/2019,2024.55249
4/8/2019,1675.092026
4/9/2019,1699.436447
4/10/2019,1457.3899
4/11/2019,1395.488434
4/12/2019,1324.304489
4/13/2019,1242.840942
4/14/2019,1292.408463
4/15/2019,1131.466209
4/16/2019,1321.497223
4/17/2019,1884.488922
4/18/2019,1893.746674
4/19/2019,2316.098389
4/20/2019,2638.922791
4/21/2019,2885.300568
4/22/2019,2938.066498
4/23/2019,2676.95105
4/24/2019,2125.497437
4/25/2019,1685.863564
4/26/2019,1399.633281
4/27/2019,1227.403503
4/28/2019,958.21315
4/29/2019,987.8355103
4/30/2019,971.2763977
5/1/2019,942.6039581
5/2/2019,892.3517303
5/3/2019,918.2087402
5/4/2019,1201.486862
5/5/2019,1110.527618
5/6/2019,939.2214508
5/7/2019,896.6278152
5/8/2019,845.4098282
5/9/2019,923.3153381
5/10/2019,819.313736
5/11/2019,846.7778015
5/12/2019,918.1299744
5/13/2019,835.5576019
5/14/2019,829.9409485
5/15/2019,821.2740784
5/16/2019,807.9338226
5/17/2019,759.6123047
5/18/2019,755.5358429
5/19/2019,822.0476532
5/20/2019,760.4008484
5/21/2019,798.656601
5/22/2019,812.416275
5/23/2019,816.7060547
5/24/2019,769.9128571
5/25/2019,765.2292633
5/26/2019,844.1544647
5/27/2019,773.5727844
5/28/2019,791.7360382
5/29/2019,783.7549286
5/30/2019,770.513382
5/31/2019,733.1835327
6/1/2019,706.2965393
6/2/2019,753.5207672
6/3/2019,698.4897919
6/4/2019,710.7020874
6/5/2019,701.9829407
6/6/2019,698.9807281
6/7/2019,689.1058655
6/8/2019,674.8465118
6/9/2019,725.2111969
6/10/2019,667.8720093
6/11/2019,688.5632324
6/12/2019,670.9566345
6/13/2019,664.7261963
6/14/2019,656.0050775
6/15/2019,638.8160706
6/16/2019,667.108017
6/17/2019,637.9809265
6/18/2019,643.0908813
6/19/2019,661.6704102
6/20/2019,639.594162
6/21/2019,626.8863525
6/22/2019,629.0865326
6/23/2019,636.0102844
6/24/2019,627.4971353
6/25/2019,623.6774292
6/26/2019,612.2536163
6/27/2019,588.8786091
6/28/2019,577.4579564
6/29/2019,587.3337708
6/30/2019,670.6110077
7/1/2019,682.7640686
7/2/2019,664.5667725
7/3/2019,657.9229507
7/4/2019,647.6751556
7/5/2019,598.2782135
7/6/2019,609.4360301
7/7/2019,615.3113926
7/8/2019,606.38338
7/9/2019,610.1811064
7/10/2019,616.0368349
7/11/2019,607.7129109
7/12/2019,604.7327881
7/13/2019,604.0981293
7/14/2019,626.9675446
7/15/2019,620.094635
7/16/2019,611.6095734
7/17/2019,615.7209482
7/18/2019,612.4322815
7/19/2019,585.6720428
7/20/2019,567.9593153
7/21/2019,574.0683298
7/22/2019,577.847168
7/23/2019,581.2205963
7/24/2019,586.2399254
7/25/2019,572.6578522
7/26/2019,574.8851318
7/27/2019,569.9273288
7/28/2019,575.3897392
7/29/2019,554.4220886
7/30/2019,546.8893433
7/31/2019,546.9352264
8/1/2019,548.2936143
8/2/2019,522.4978943
8/3/2019,527.8683756
8/4/2019,566.0252228
8/5/2019,554.8761278
8/6/2019,563.7209499
8/7/2019,571.4150216
8/8/2019,567.1334101
8/9/2019,557.9340566
8/10/2019,545.0417877
8/11/2019,569.0281677
8/12/2019,569.3702698
8/13/2019,559.4069319
8/14/2019,550.3262336
8/15/2019,545.7304993
8/16/2019,524.0580619
8/17/2019,528.7671814
8/18/2019,541.5186615
8/19/2019,537.2127686
8/20/2019,552.3297424
8/21/2019,550.5756794
8/22/2019,541.7470085
8/23/2019,525.7320862
8/24/2019,532.4165344
8/25/2019,560.907954
8/26/2019,545.7818604
8/27/2019,551.3305969
8/28/2019,545.391098
8/29/2019,549.526123
8/30/2019,553.4028473
8/31/2019,574.141571
9/1/2019,638.4792023
9/2/2019,632.3868561
9/3/2019,622.6463547
9/4/2019,629.0383911
9/5/2019,625.1083832
9/6/2019,623.3594055
9/7/2019,616.3961334
9/8/2019,691.4539337
9/9/2019,679.0281982
9/10/2019,710.4187012
9/11/2019,734.94664
9/12/2019,740.1669617
9/13/2019,724.8292084
9/14/2019,723.9253235
9/15/2019,821.4475555
9/16/2019,728.7150116
9/17/2019,734.3333588
9/18/2019,728.8051605
9/19/2019,696.792511
9/20/2019,678.8356781
9/21/2019,737.147522
9/22/2019,867.8051147
9/23/2019,791.1763916
9/24/2019,778.8452606
9/25/2019,755.0666809
9/26/2019,763.9830627
9/27/2019,704.5421906
9/28/2019,741.3493958
9/29/2019,829.0259552
9/30/2019,741.2379608
10/1/2019,750.7713623
10/2/2019,741.6564331
10/3/2019,722.3851013
10/4/2019,691.0059204
10/5/2019,689.1769562
10/6/2019,753.5391083
10/7/2019,732.0041351
10/8/2019,755.3958282
10/9/2019,773.0688782
10/10/2019,771.26091
10/11/2019,729.6937256
10/12/2019,771.6621552
10/13/2019,794.0190887
10/14/2019,855.6126251
10/15/2019,804.4627075
10/16/2019,817.0004578
10/17/2019,819.1553688
10/18/2019,792.9113986
10/19/2019,798.4788208
10/20/2019,875.8934021
10/21/2019,819.9145317
10/22/2019,825.7445374
10/23/2019,836.7815857
10/24/2019,853.4635315
10/25/2019,842.530426
10/26/2019,852.7199097
10/27/2019,945.9954224
10/28/2019,882.493576
10/29/2019,913.6847228
10/30/2019,963.7645721
10/31/2019,1108.17276
11/1/2019,1280.144897
11/2/2019,1749.462677
11/3/2019,1951.34317
11/4/2019,2124.495544
11/5/2019,2300.136414
11/6/2019,2258.385101
11/7/2019,2144.778778
11/8/2019,2071.112885
11/9/2019,2067.823334
11/10/2019,2222.978058
11/11/2019,2225.852966
11/12/2019,2345.653961
11/13/2019,2450.687866
11/14/2019,2532.383421
11/15/2019,2610.291931
11/16/2019,2852.421326
11/17/2019,2943.277557
11/18/2019,3065.950928
11/19/2019,3062.852722
11/20/2019,2970.859802
11/21/2019,3307.781372
11/22/2019,3432.120483
11/23/2019,3624.173096
11/24/2019,3898.559143
11/25/2019,3827.131226
11/26/2019,3919.996155
11/27/2019,3830.640198
11/28/2019,3533.653381
11/29/2019,3188.544434
11/30/2019,3214.25238
12/1/2019,3388.500183
12/2/2019,3489.438538
12/3/2019,3499.468933
12/4/2019,3606.092346
12/5/2019,3680.731689
12/6/2019,3672.242065
12/7/2019,3650.974548
12/8/2019,3743.764282
12/9/2019,3585.916992
12/10/2019,3773.573486
12/11/2019,3741.178223
12/12/2019,3909.930359
12/13/2019,3825.194397
12/14/2019,3641.565491
12/15/2019,3644.897217
12/16/2019,3517.063049
12/17/2019,3422.367676
12/18/2019,3475.84436
12/19/2019,3198.072632
12/20/2019,3054.825684
12/21/2019,3308.687561
12/22/2019,3516.979553
12/23/2019,3526.946838
12/24/2019,3452.010437
12/25/2019,3216.462708
12/26/2019,3094.509583
12/27/2019,3180.710022
12/28/2019,3184.905334
12/29/2019,3398.47937
12/30/2019,3524.479736
12/31/2019,3487.86615
1/1/2020,3030.470306
1/2/2020,3266.301331
1/3/2020,3301.387634
1/4/2020,3526.517029
1/5/2020,3643.007141
1/6/2020,3705.185852
1/7/2020,3756.165039
1/8/2020,3833.668518
1/9/2020,3912.532715
1/10/2020,3894.56842
1/11/2020,3864.015625
1/12/2020,3998.022766
1/13/2020,4049.53009
1/14/2020,3990.925049
1/15/2020,4019.919556
1/16/2020,4028.390076
1/17/2020,4150.21167
1/18/2020,4039.086914
1/19/2020,4269.577454
1/20/2020,4237.804749
1/21/2020,4136.139832
1/22/2020,4179.195007
1/23/2020,4180.814087
1/24/2020,4335.868225
1/25/2020,4302.438171
1/26/2020,4325.717957
1/27/2020,4100.39447
1/28/2020,4000.118286
1/29/2020,3871.008423
1/30/2020,3716.562378
1/31/2020,3799.312927
2/1/2020,4001.486694
2/2/2020,4024.301086
2/3/2020,3795.63269
2/4/2020,3901.854858
2/5/2020,3780.555603
2/6/2020,3348.10437
2/7/2020,3611.016174
2/8/2020,4117.124817
2/9/2020,4600.226807
2/10/2020,4659.518433
2/11/2020,4654.185974
2/12/2020,4526.486084
2/13/2020,4432.625427
2/14/2020,4365.854797
2/15/2020,4339.954163
2/16/2020,4286.846191
2/17/2020,4313.16803
2/18/2020,4030.982422
2/19/2020,3719.663635
2/20/2020,3540.906738
2/21/2020,3337.877991
2/22/2020,3361.696594
2/23/2020,3449.866699
2/24/2020,3125.204681
2/25/2020,3665.778625
2/26/2020,3486.144531
2/27/2020,3298.24054
2/28/2020,3091.802338
2/29/2020,3103.588959
3/1/2020,3231.289063
3/2/2020,3111.837708
3/3/2020,2866.253204
3/4/2020,2589.916382
3/5/2020,2402.314972
3/6/2020,2402.959229
3/7/2020,2480.97821
3/8/2020,2322.521271
3/9/2020,2202.915955
3/10/2020,2172.42337
3/11/2020,1944.378021
3/12/2020,1784.878616
3/13/2020,1951.311493
3/14/2020,2110.707306
3/15/2020,2042.467499
3/16/2020,2835.671265
3/17/2020,3407.136261
3/18/2020,3562.011963
3/19/2020,3105.082672
3/20/2020,2880.054291
3/21/2020,2924.772797
3/22/2020,2836.59433
3/23/2020,2316.269257
3/24/2020,2166.076477
3/25/2020,1988.318542
3/26/2020,1948.905792
3/27/2020,1894.395386
3/28/2020,1811.099396
3/29/2020,2163.377289
3/30/2020,2305.570221
3/31/2020,2163.04068
4/1/2020,1954.644928
4/2/2020,2267.204102
4/3/2020,1987.154633
4/4/2020,2198.795258
4/5/2020,1915.225159
4/6/2020,2081.861389
4/7/2020,2662.221771
4/8/2020,2783.664856
4/9/2020,2741.215881
4/10/2020,2265.678528
4/11/2020,2283.076904
4/12/2020,2465.810333
4/13/2020,2132.723877
4/14/2020,1947.163086
4/15/2020,1653.853394
4/16/2020,1885.84436
4/17/2020,1541.446548
4/18/2020,1328.4705
4/19/2020,1068.366211
4/20/2020,1046.213058
4/21/2020,1335.413223
4/22/2020,1831.996002
4/23/2020,2149.703369
4/24/2020,2312.046783
4/25/2020,2295.882538
4/26/2020,1955.335663
4/27/2020,1634.388123
4/28/2020,1679.614319
4/29/2020,1791.434357
4/30/2020,1303.849472
5/1/2020,1122.6627
5/2/2020,1063.6163
5/3/2020,1036.8132
5/4/2020,936.4823
5/5/2020,962.6872
5/6/2020,1035.5243
5/7/2020,1228.5417
5/8/2020,1092.7677
5/9/2020,1451.7161
5/10/2020,1702.8891
5/11/2020,1206.8285
5/12/2020,1024.1834
5/13/2020,960.4987
5/14/2020,853.6213
5/15/2020,755.9066
5/16/2020,721.0545
5/17/2020,761.1684
5/18/2020,721.7157
5/19/2020,732.4842
5/20/2020,715.9626
5/21/2020,699.6697
5/22/2020,653.381
5/23/2020,722.6616
5/24/2020,873.2043
5/25/2020,1027.065
5/26/2020,817.7706
5/27/2020,734.3885
5/28/2020,706.4984
5/29/2020,686.0618
5/30/2020,673.4569
5/31/2020,690.9918
6/1/2020,656.7435
6/2/2020,674.2877
6/3/2020,675.6554
6/4/2020,663.5634
6/5/2020,654.0202
6/6/2020,638.6112
6/7/2020,655.8894
6/8/2020,629.5
6/9/2020,620.5112
6/10/2020,627.8346
6/11/2020,635.8928
6/12/2020,612.013
6/13/2020,600.9497
6/14/2020,602.7402
6/15/2020,606.2237
6/16/2020,572.8165
6/17/2020,614.6851
6/18/2020,612.5545
6/19/2020,603.1327
6/20/2020,580.4735
6/21/2020,608.3093
6/22/2020,584.6572
6/23/2020,593.1971
6/24/2020,579.0711
6/25/2020,580.6868
6/26/2020,575.9583
6/27/2020,577.8394
6/28/2020,627.2647
6/29/2020,605.7629
6/30/2020,589.5877
7/1/2020,588.0975
7/2/2020,580.663
7/3/2020,559.4994
7/4/2020,546.8279
7/5/2020,558.7367
7/6/2020,545.3373
7/7/2020,541.637
7/8/2020,541.5851
7/9/2020,546.0459
7/10/2020,534.1115
7/11/2020,537.634
7/12/2020,559.0991
7/13/2020,553.6137
7/14/2020,570.821
7/15/2020,556.7788
7/16/2020,567.3474
7/17/2020,534.2041
7/18/2020,512.8287
7/19/2020,529.6381
7/20/2020,516.3806
7/21/2020,516.5714
7/22/2020,503.5001
7/23/2020,532.7488
7/24/2020,508.4988
7/25/2020,499.0185
7/26/2020,507.4109
7/27/2020,506.6237
7/28/2020,496.0519
7/29/2020,499.3217
7/30/2020,509.3998
7/31/2020,512.8865
8/1/2020,505.3997
8/2/2020,515.627
8/3/2020,518.0344
8/4/2020,529.0991
8/5/2020,514.861
8/6/2020,511.3209
8/7/2020,488.6738
8/8/2020,484.0512
8/9/2020,481.4282
8/10/2020,476.6895
8/11/2020,507.8203
8/12/2020,504.3068
8/13/2020,517.152
8/14/2020,507.6001
8/15/2020,500.988
8/16/2020,537.1487
8/17/2020,537.9693
8/18/2020,537.2445
8/19/2020,522.8379
8/20/2020,510.7979
8/21/2020,501.9454
8/22/2020,504.7865
8/23/2020,543.1162
8/24/2020,555.395
8/25/2020,548.2887
8/26/2020,554.4513
8/27/2020,545.1942
8/28/2020,512.4108
8/29/2020,506.9616
8/30/2020,554.0687
8/31/2020,549.6101
9/1/2020,565.9682
9/2/2020,560.8655
9/3/2020,569.9433
9/4/2020,547.5169
9/5/2020,542.1142
9/6/2020,575.4553
9/7/2020,576.3267
9/8/2020,592.0016
9/9/2020,591.4757
9/10/2020,580.8671
9/11/2020,573.3229
9/12/2020,577.052
9/13/2020,614.458
9/14/2020,582.224
9/15/2020,604.2389
9/16/2020,598.5382
9/17/2020,594.8634
9/18/2020,593.6501
9/19/2020,605.6787
9/20/2020,633.9649
9/21/2020,633.8851
9/22/2020,647.1206
9/23/2020,660.2466
9/24/2020,633.1217
9/25/2020,619.5167
9/26/2020,632.8809
9/27/2020,663.6691
9/28/2020,649.0476
9/29/2020,681.2059
9/30/2020,700.9804
10/1/2020,725.5142
10/2/2020,708.1898
10/3/2020,692.8716
10/4/2020,785.164
10/5/2020,799.1844
10/6/2020,956.794
10/7/2020,949.4378
10/8/2020,934.4396
10/9/2020,929.334
10/10/2020,912.5888
10/11/2020,953.6733
10/12/2020,916.7997
10/13/2020,881.3693
10/14/2020,889.6358
10/15/2020,850.526
10/16/2020,852.7259
10/17/2020,772.0047
10/18/2020,882.5368
10/19/2020,790.594
10/20/2020,870.9031
10/21/2020,904.0789
10/22/2020,938.5446
10/23/2020,914.9923
10/24/2020,925.8001
10/25/2020,974.4533
10/26/2020,963.9438
10/27/2020,973.0754
10/28/2020,1040.9486
10/29/2020,1035.3962
10/30/2020,1007.493
10/31/2020,990.687
11/1/2020,988.2712
11/2/2020,1090.5701
11/3/2020,1193.2595
11/4/2020,1156.4881
11/5/2020,1182.6595
11/6/2020,1360.3672
11/7/2020,1568.6682
11/8/2020,1716.5396
11/9/2020,1771.4653
11/10/2020,1883.5918
11/11/2020,1968.373
11/12/2020,2205.2786
11/13/2020,2388.3985
11/14/2020,2510.7534
11/15/2020,2634.9173
11/16/2020,2767.0342
11/17/2020,2814.5326
11/18/2020,3007.988
11/19/2020,3424.2964
11/20/2020,3610.1381
11/21/2020,3489.7152
11/22/2020,3275.8845
11/23/2020,3538.911
11/24/2020,3598.2621
11/25/2020,3719.4685
11/26/2020,3563.7732
11/27/2020,3425.2638
11/28/2020,3432.7303
11/29/2020,3574.8448
11/30/2020,3540.2313
12/1/2020,3602.791
12/2/2020,3480.4252
12/3/2020,3583.956
12/4/2020,3516.7332
12/5/2020,3545.8055
12/6/2020,3750.1656
12/7/2020,3851.5972
12/8/2020,3923.8017
12/9/2020,4080.0578
12/10/2020,4100.1991
12/11/2020,4025.033
12/12/2020,4031.2431
12/13/2020,3929.2497
12/14/2020,3888.0875
12/15/2020,3905.9309
12/16/2020,3793.660159
12/17/2020,3581.058606
12/18/2020,3564.217035
12/19/2020,3762.941511
12/20/2020,3755.940107
12/21/2020,3700.883772
12/22/2020,3888.693864
12/23/2020,3989.608629
12/24/2020,3993.894366
12/25/2020,3975.579433
12/26/2020,4054.698556
12/27/2020,3969.455206
12/28/2020,3855.480866
12/29/2020,3485.806908
12/30/2020,3836.803724
12/31/2020,4241.350662
1/1/2021,3518.073944
1/2/2021,3598.936164
1/3/2021,3867.887625
1/4/2021,4158.959209
1/5/2021,4291.067589
1/6/2021,4375.647587
1/7/2021,4316.211694
1/8/2021,4223.02485
1/9/2021,3904.522425
1/10/2021,3725.277566
1/11/2021,3638.490768
1/12/2021,3650.091704
1/13/2021,3614.697086
1/14/2021,3304.361868
1/15/2021,3518.356855
1/16/2021,3595.337723
1/17/2021,3612.508064
1/18/2021,3791.961928
1/19/2021,4136.100173
1/20/2021,4262.596864
1/21/2021,4351.629965
1/22/2021,4301.948368
1/23/2021,4328.760924
1/24/2021,4367.728371
1/25/2021,4257.902837
1/26/2021,4063.513767
1/27/2021,3853.059893
1/28/2021,3777.8569
1/29/2021,3673.064031
1/30/2021,3610.481977
1/31/2021,3690.333138
2/1/2021,3428.443519
2/2/2021,3310.914323
2/3/2021,3173.202762
2/4/2021,3054.888454
2/5/2021,3302.280379
2/6/2021,3222.625955
2/7/2021,3379.437502
2/8/2021,3149.853284
2/9/2021,3149.139047
2/10/2021,2838.524567
2/11/2021,2686.24358
2/12/2021,2689.487328
2/13/2021,3169.973503
2/14/2021,3317.854131
2/15/2021,3148.934926
2/16/2021,3611.149157
2/17/2021,4162.84485
2/18/2021,4163.742673
2/19/2021,4140.845106
2/20/2021,4314.222692
2/21/2021,4427.806915
2/22/2021,4249.251468
2/23/2021,4267.02114
2/24/2021,4716.234008
2/25/2021,4778.150209
2/26/2021,4271.751634
2/27/2021,3905.697063
2/28/2021,3854.691831
3/1/2021,3877.375385
3/2/2021,3696.087287
3/3/2021,3863.382119
3/4/2021,3686.154116
3/5/2021,3474.997412
3/6/2021,3115.773865
3/7/2021,3462.513307
3/8/2021,4013.543026
3/9/2021,3800.362976
3/10/2021,3550.925892
3/11/2021,3963.008163
3/12/2021,4133.44905
3/13/2021,4102.901776
3/14/2021,4227.268801
3/15/2021,4229.39123
3/16/2021,3840.270781
3/17/2021,3289.228154
3/18/2021,3403.592581
3/19/2021,3344.8961
3/20/2021,3275.333549
3/21/2021,3555.393578
3/22/2021,3408.738236
3/23/2021,3248.038052
3/24/2021,3248.283224
3/25/2021,3282.148762
3/26/2021,3190.790598
3/27/2021,3553.790569
3/28/2021,3426.964664
3/29/2021,3154.527529
3/30/2021,3061.748405
3/31/2021,3034.796478
4/1/2021,2915.684249
4/2/2021,2731.487799
4/3/2021,2610.429409
4/4/2021,2342.976675
4/5/2021,2056.828798
4/6/2021,2235.336839
4/7/2021,1831.116854
4/8/2021,1403.462112
4/9/2021,1527.892682
4/10/2021,1804.162983
4/11/2021,1967.104254
4/12/2021,1668.935528
4/13/2021,2114.825923
4/14/2021,1985.08009
4/15/2021,1567.613035
4/16/2021,1352.96673
4/17/2021,1244.243349
4/18/2021,1207.145312
4/19/2021,1018.637471
4/20/2021,948.5776041
4/21/2021,1071.867443
4/22/2021,1234.822682
4/23/2021,1079.516414
4/24/2021,1072.356586
4/25/2021,1026.726445
4/26/2021,1032.284916
4/27/2021,1128.819335
4/28/2021,966.243262
4/29/2021,965.4610269
4/30/2021,909.5595248
5/1/2021,854.3547078
5/2/2021,672.0402379
5/3/2021,692.3140441
5/4/2021,724.2915692
5/5/2021,829.7075691
5/6/2021,836.307265
5/7/2021,806.0554179
5/8/2021,777.2111299
5/9/2021,915.9049018
5/10/2021,1099.591264
5/11/2021,1097.117227
5/12/2021,966.3739398
5/13/2021,826.1679438
5/14/2021,731.4410552
5/15/2021,732.3757179
5/16/2021,778.901421
5/17/2021,724.089587
5/18/2021,740.7688
5/19/2021,742.5866
5/20/2021,720.4531
5/21/2021,679.9848
5/22/2021,685.4352
5/23/2021,768.0442
5/24/2021,710.5361
5/25/2021,703.7916
5/26/2021,784.8963
5/27/2021,745.5149
5/28/2021,695.1911
5/29/2021,700.255
5/30/2021,766.3699
5/31/2021,690.7822
6/1/2021,685.0105
6/2/2021,673.9563
6/3/2021,681.5511
6/4/2021,684.957
6/5/2021,698.1764
6/6/2021,760.115
6/7/2021,712.3111
6/8/2021,709.2132
6/9/2021,704.7958
6/10/2021,694.7617
6/11/2021,687.3854
6/12/2021,670.1982
6/13/2021,734.3246
6/14/2021,683.8189
6/15/2021,709.2473
6/16/2021,705.5806
6/17/2021,675.2457
6/18/2021,626.6812
6/19/2021,619.81
6/20/2021,652.4659
6/21/2021,630.8832
6/22/2021,633.1619
6/23/2021,619.0275
6/24/2021,625.8497
6/25/2021,574.2843
6/26/2021,564.4849
6/27/2021,601.3543
6/28/2021,584.0006
6/29/2021,577.2808
6/30/2021,583.5474
7/1/2021,576.7233
7/2/2021,543.587
7/3/2021,533.9731
7/4/2021,570.0562
7/5/2021,555.8524
7/6/2021,553.557
7/7/2021,576.0394
7/8/2021,568.9307
7/9/2021,554.8305
7/10/2021,568.3481
7/11/2021,596.1262
7/12/2021,563.6161
7/13/2021,555.6679
7/14/2021,574.1588
7/15/2021,595.4876
7/16/2021,559.9512
7/17/2021,538.9278
7/18/2021,553.8967
7/19/2021,538.062
7/20/2021,522.8566
7/21/2021,532.5269
7/22/2021,538.2151
7/23/2021,539.1627
7/24/2021,521.8903
7/25/2021,554.0208
7/26/2021,542.0142
7/27/2021,536.5193
7/28/2021,550.151
7/29/2021,583.0746
7/30/2021,558.7002
7/31/2021,542.4416
8/1/2021,557.0696
8/2/2021,526.4238
8/3/2021,518.9414
8/4/2021,526.2498
8/5/2021,509.8257
8/6/2021,499.658
8/7/2021,485.9342
8/8/2021,507.2777
8/9/2021,504.967
8/10/2021,483.5017
8/11/2021,496.1446
8/12/2021,496.297
8/13/2021,490.1344
8/14/2021,488.5172
8/15/2021,511.8122
8/16/2021,512.493
8/17/2021,525.7622
8/18/2021,522.1489
8/19/2021,519.3624
8/20/2021,508.025
8/21/2021,483.938
8/22/2021,514.5787
8/23/2021,503.2941
8/24/2021,529.4224
8/25/2021,513.5251
8/26/2021,516.7761
8/27/2021,502.6336
8/28/2021,464.3634
8/29/2021,500.8065
8/30/2021,512.2908
8/31/2021,524.3786
9/1/2021,506.4941
9/2/2021,530.1151
9/3/2021,553.769
9/4/2021,552.2439
9/5/2021,606.319
9/6/2021,591.875
9/7/2021,599.2169
9/8/2021,625.2308
9/9/2021,640.1175
9/10/2021,634.289
9/11/2021,605.1956
9/12/2021,652.0062
9/13/2021,616.151
9/14/2021,616.163
9/15/2021,605.1397
9/16/2021,607.8953
9/17/2021,618.566
9/18/2021,616.7975
9/19/2021,642.3366
9/20/2021,623.9351
9/21/2021,616.922
9/22/2021,636.8243
9/23/2021,640.8392
9/24/2021,705.8908
9/25/2021,730.2145
9/26/2021,810.9207
9/27/2021,815.2873
9/28/2021,813.648
9/29/2021,853.2266
9/30/2021,1016.4636
10/1/2021,1244.4613
10/2/2021,1365.9725
10/3/2021,1606.7658
10/4/2021,1399.9376
10/5/2021,1653.7746
10/6/2021,1858.6001
10/7/2021,1982.1216
10/8/2021,2024.6066
10/9/2021,2038.5103
10/10/2021,2097.3618
10/11/2021,2095.0691
10/12/2021,1880.145
10/13/2021,1604.9952
10/14/2021,1431.5609
10/15/2021,1363.8432
10/16/2021,1311.514
10/17/2021,1287.4479
10/18/2021,1338.6678
10/19/2021,1438.4281
10/20/2021,1686.9286
10/21/2021,1743.4297
10/22/2021,1743.5489
10/23/2021,1697.3457
10/24/2021,1794.6218
10/25/2021,2339.463
10/26/2021,2388.3711
10/27/2021,2713.3555
10/28/2021,2543.5882
10/29/2021,2592.2527
10/30/2021,2640.8357
10/31/2021,2687.8165
11/1/2021,2270.2958
11/2/2021,2041.0383
11/3/2021,2120.7381
11/4/2021,2057.18
11/5/2021,2109.6265
11/6/2021,2162.1839
11/7/2021,2144.1643
11/8/2021,2096.129
11/9/2021,2134.8032
11/10/2021,2571.1328
11/11/2021,2782.6498
11/12/2021,2997.3877
11/13/2021,2910.7781
11/14/2021,3099.7243
11/15/2021,2957.4145
11/16/2021,3076.0554
11/17/2021,3480.3727
11/18/2021,3407.9166
11/19/2021,3329.0741
11/20/2021,3104.1552
11/21/2021,3218.4652
11/22/2021,3026.7713
11/23/2021,2919.1108
11/24/2021,3126.3962
11/25/2021,3337.9936
11/26/2021,3484.8003
11/27/2021,3400.6012
11/28/2021,3334.5531
11/29/2021,3045.2083
11/30/2021,3100.9972
12/1/2021,3433.2509
12/2/2021,3498.444
12/3/2021,3513.8725
12/4/2021,3552.0729
12/5/2021,3601.0744
12/6/2021,3371.244
12/7/2021,3355.7716
12/8/2021,3437.0074
12/9/2021,3347.9923
12/10/2021,3246.6051
12/11/2021,3281.2781
12/12/2021,3566.7726
12/13/2021,3587.954926
12/14/2021,3651.501777
12/15/2021,3645.58568
12/16/2021,3579.23313
12/17/2021,3473.87094
12/18/2021,3409.911537
12/19/2021,3721.381283
12/20/2021,3628.190473
12/21/2021,3838.973152
12/22/2021,4280.861599
12/23/2021,4599.323552
12/24/2021,4681.251929
12/25/2021,4738.100351
12/26/2021,4558.082153
12/27/2021,4315.770326
12/28/2021,4154.398916
12/29/2021,4171.995512
12/30/2021,4322.182329
12/31/2021,4244.318975
1/1/2022,3754.836313
1/2/2022,3833.768825
1/3/2022,4031.523977
1/4/2022,4007.148705
1/5/2022,3979.048217
1/6/2022,3877.2539
1/7/2022,3579.013758
1/8/2022,3396.331829
1/9/2022,3762.345755
1/10/2022,3870.821759
1/11/2022,3769.255159
1/12/2022,3773.879942
1/13/2022,4199.053581
1/14/2022,4309.84502
1/15/2022,4436.94649
1/16/2022,4700.604869
1/17/2022,4785.623659
1/18/2022,4835.006138
1/19/2022,4957.50368
1/20/2022,4946.317975
1/21/2022,4830.344121
1/22/2022,4668.52795
1/23/2022,4570.080624
1/24/2022,4348.971568
1/25/2022,4429.815621
1/26/2022,4517.349868
1/27/2022,4487.431453
1/28/2022,4514.426768
1/29/2022,4474.526742
1/30/2022,4522.955886
1/31/2022,4280.121426
2/1/2022,4189.651206
2/2/2022,3994.622431
2/3/2022,3809.411451
2/4/2022,3815.592053
2/5/2022,4219.155961
2/6/2022,4459.125133
2/7/2022,4292.360256
2/8/2022,4058.439917
2/9/2022,3875.687615
2/10/2022,4070.21273
2/11/2022,3979.858291
2/12/2022,3779.740106
2/13/2022,3970.268632
2/14/2022,4281.753615
2/15/2022,4047.515047
2/16/2022,4064.023592
2/17/2022,3962.414835
2/18/2022,3853.976585
2/19/2022,3687.880173
2/20/2022,3589.28778
2/21/2022,3567.811069
2/22/2022,3320.242237
2/23/2022,3107.804648
2/24/2022,2873.800254
2/25/2022,3176.924023
2/26/2022,3020.8844
2/27/2022,3293.377834
2/28/2022,3371.586876
3/1/2022,3161.523632
3/2/2022,3136.337765
3/3/2022,3201.526221
3/4/2022,3667.319871
3/5/2022,3677.749521
3/6/2022,3818.324362
3/7/2022,3741.716482
3/8/2022,3775.990133
3/9/2022,4036.923645
3/10/2022,3922.045709
3/11/2022,4217.71734
3/12/2022,4240.991872
3/13/2022,4658.28254
3/14/2022,4754.903848
3/15/2022,4618.38483
3/16/2022,4589.691187
3/17/2022,4649.577486
3/18/2022,4573.061014
3/19/2022,4699.012279
3/20/2022,4804.552619
3/21/2022,4763.403867
3/22/2022,4682.106854
3/23/2022,4715.705975
3/24/2022,4651.584543
3/25/2022,4251.262347
3/26/2022,4087.614176
3/27/2022,4185.575667
3/28/2022,4247.896978
3/29/2022,3825.242925
3/30/2022,3345.194668
3/31/2022,2721.116719
4/1/2022,2514.213155
4/2/2022,1927.357142
4/3/2022,1727.430809
4/4/2022,2000.82705
4/5/2022,2051.361569
4/6/2022,2241.328802
4/7/2022,2625.398326
4/8/2022,2271.097449
4/9/2022,2163.678614
4/10/2022,1836.191695
4/11/2022,1435.485497
4/12/2022,2131.204187
4/13/2022,2714.79675
4/14/2022,2548.516673
4/15/2022,2257.551994
4/16/2022,1877.978001
4/17/2022,1704.231309
4/18/2022,1544.49063
4/19/2022,1492.09098
4/20/2022,1790.565642
4/21/2022,1605.026859
4/22/2022,1375.423633
4/23/2022,1195.404409
4/24/2022,933.1479431
4/25/2022,893.917578
4/26/2022,887.7504092
4/27/2022,853.249989
4/28/2022,833.4694757
4/29/2022,842.8077786
4/30/2022,857.9356824
5/1/2022,918.6581175
5/2/2022,1087.634971
5/3/2022,1038.843042
5/4/2022,1019.82335
5/5/2022,1291.475988
5/6/2022,1354.038696
5/7/2022,1654.86579
5/8/2022,1901.102286
5/9/2022,1793.06408
5/10/2022,1556.847309
5/11/2022,1332.430742
5/12/2022,1358.781856
5/13/2022,1097.798923
5/14/2022,1006.243645
5/15/2022,1012.094949
5/16/2022,1191.496546
5/17/2022,1026.570671
5/18/2022,959.6505065
5/19/2022,963.7454223
5/20/2022,1195.285681
5/21/2022,1080.26436
5/22/2022,1030.46711
5/23/2022,1063.391139
5/24/2022,1083.381207
5/25/2022,1037.367088
5/26/2022,1007.908475
5/27/2022,868.6008278
5/28/2022,864.8100328
5/29/2022,890.8187155
5/30/2022,806.2996698
5/31/2022,790.0601002
6/1/2022,784.561968
6/2/2022,752.8221581
6/3/2022,746.7263401
6/4/2022,733.5601687
6/5/2022,780.738155
6/6/2022,728.0689374
6/7/2022,670.0184866
6/8/2022,748.8453103
6/9/2022,741.5505783
6/10/2022,725.2517765
6/11/2022,727.2273707
6/12/2022,771.2090561
6/13/2022,716.4624054
6/14/2022,747.9231968
6/15/2022,741.0713202
6/16/2022,746.4761252
6/17/2022,723.4419069
6/18/2022,737.2368425
6/19/2022,765.5974541
6/20/2022,730.5949371
6/21/2022,721.0124627
6/22/2022,743.7713127
6/23/2022,736.2531173
6/24/2022,690.0264077
6/25/2022,722.4909846
6/26/2022,787.9201008
6/27/2022,732.5420068
6/28/2022,738.4062851
6/29/2022,713.9766555
6/30/2022,689.4722
7/1/2022,655.9061417
7/2/2022,671.7017517
7/3/2022,720.3107923
7/4/2022,705.9880524
7/5/2022,692.3629853
7/6/2022,682.1111371
7/7/2022,671.9345974
7/8/2022,643.9136777
7/9/2022,620.3025247
7/10/2022,651.4437414
7/11/2022,624.4590644
7/12/2022,620.2901245
7/13/2022,628.4514494
7/14/2022,634.6664506
7/15/2022,612.1086066
7/16/2022,585.1998957
7/17/2022,614.4110775
7/18/2022,595.4906574
7/19/2022,605.6367933
7/20/2022,609.5182817
7/21/2022,630.0679663
7/22/2022,608.4418188
7/23/2022,612.4806547
7/24/2022,650.7415026
7/25/2022,606.0202023
7/26/2022,618.2773198
7/27/2022,614.5269228
7/28/2022,585.8270515
7/29/2022,573.7443438
7/30/2022,551.8274053
7/31/2022,569.4593344
8/1/2022,525.2010446
8/2/2022,537.931046
8/3/2022,537.5253515
8/4/2022,522.7053346
8/5/2022,503.7646382
8/6/2022,488.9804269
8/7/2022,525.1856486
8/8/2022,519.2910408
8/9/2022,520.8662421
8/10/2022,514.2060775
8/11/2022,521.6170592
8/12/2022,506.0631338
8/13/2022,494.7857304
8/14/2022,529.1706603
8/15/2022,522.1117869
8/16/2022,504.4449762
8/17/2022,504.727803
8/18/2022,510.0581331
8/19/2022,503.5255015
8/20/2022,495.2728999
8/21/2022,515.6839122
8/22/2022,520.5304499
8/23/2022,538.3940176
8/24/2022,546.0273466
8/25/2022,554.9180006
8/26/2022,544.0792702
8/27/2022,531.8384687
8/28/2022,543.7465138
8/29/2022,534.6295491
8/30/2022,556.1156187
8/31/2022,572.4258919
9/1/2022,557.8526528
9/2/2022,554.5082543
9/3/2022,553.7210118
9/4/2022,608.5402164
9/5/2022,594.2963613
9/6/2022,622.6290971
9/7/2022,662.6347494
9/8/2022,694.1720207
9/9/2022,681.9373954
9/10/2022,679.4863774
9/11/2022,746.7082939
9/12/2022,706.8854253
9/13/2022,697.0831687
9/14/2022,751.9632763
9/15/2022,699.6959863
9/16/2022,669.1940126
9/17/2022,665.1266189
9/18/2022,738.5456752
9/19/2022,668.797171
9/20/2022,669.843162
9/21/2022,659.0812445
9/22/2022,671.6316445
9/23/2022,683.4710176
9/24/2022,743.3849694
9/25/2022,853.5440401
9/26/2022,775.9570745
9/27/2022,776.0734768
9/28/2022,745.1231416
9/29/2022,740.8665469
9/30/2022,702.4799961
10/1/2022,697.3363308
10/2/2022,787.9865362
10/3/2022,723.0159618
10/4/2022,737.0662498
10/5/2022,727.7817001
10/6/2022,737.418232
10/7/2022,711.2126736
10/8/2022,740.656435
10/9/2022,858.5563472
10/10/2022,815.1480287
10/11/2022,861.4566021
10/12/2022,899.5252344
10/13/2022,913.9614987
10/14/2022,969.2705166
10/15/2022,1015.366503
10/16/2022,1222.308138
10/17/2022,1198.091916
10/18/2022,1132.075789
10/19/2022,1163.636743
10/20/2022,1174.797409
10/21/2022,1458.54933
10/22/2022,1504.413685
10/23/2022,1668.95244
10/24/2022,1829.224838
10/25/2022,1811.68215
10/26/2022,1850.291156
10/27/2022,1855.971702
10/28/2022,1887.124343
10/29/2022,1934.532934
10/30/2022,2091.85037
10/31/2022,2114.346399
11/1/2022,2371.33834
11/2/2022,2485.041279
11/3/2022,2587.328419
11/4/2022,2670.209543
11/5/2022,2477.533476
11/6/2022,2637.546589
11/7/2022,2954.458802
11/8/2022,3129.34029
11/9/2022,3050.131563
11/10/2022,2951.622421
11/11/2022,3016.954541
11/12/2022,2955.811652
11/13/2022,3053.49377
11/14/2022,3028.073281
11/15/2022,3025.022601
11/16/2022,3187.52014
11/17/2022,3045.028458
11/18/2022,2887.186014
11/19/2022,2694.101771
11/20/2022,2617.971095
11/21/2022,2701.055499
11/22/2022,2775.951852
11/23/2022,2685.194159
11/24/2022,2786.364048
11/25/2022,2813.337342
11/26/2022,2972.53112
11/27/2022,3278.291997
11/28/2022,3027.287057
11/29/2022,3140.44097
11/30/2022,3474.531623
12/1/2022,3856.152623
12/2/2022,3939.614132
12/3/2022,4059.6636
12/4/2022,4483.10822
12/5/2022,4689.443886
12/6/2022,4855.983919
12/7/2022,4841.403482
12/8/2022,4864.079539
12/9/2022,4743.229092
12/10/2022,4765.238723
12/11/2022,4962.183742
12/12/2022,4961.891041
12/13/2022,4970.445854
12/14/2022,4753.787293
12/15/2022,4644.735366
12/16/2022,4368.829681
12/17/2022,4168.734526
12/18/2022,4263.728836
12/19/2022,4007.878091
12/20/2022,4299.062506
12/21/2022,4547.593968
